forum_id,post_id,post_layer,post_time,user_id,post_content,number_of_words
587398,4980460,1,2015/5/6 22:59,316118,"最近锻炼的多，每天早上中午晚上都要走路，平均每天有10公里左右吧。前几天一次就9公里，最近体重又减少了1公斤。225952crrmsecmfrteht5v.jpg(1.32MB,下载次数:0)下载附件保存到相册2015-5-622:59上传",131
590100,4991302,1,2015/5/11 10:25,328276,这老头是不是真专家呀，他怎么推荐那个金什么柳茶的呀,25
590322,4992160,1,2015/5/11 14:40,327887,复诊医生说我是二型，控制的蛮好的，未来几年都不用打针！太开森。开了二甲，以后早晚各一粒二甲和维格列汀片。,52
591735,4995944,1,2015/5/12 12:09,327887,今天第一天吃二甲，早餐吃两个自制的窝头一个鸡蛋，餐一11，餐二，9.1什么节奏啊,42
591846,4996536,1,2015/5/12 14:56,328276,是不是吃得少，会出现乏力呢我觉得脚没力气哦,22
391689,4187406,1,2014/7/16 9:38,313753,2014年5月10日做OGTT结果0H6·44/1H5·66/2H7·24/3H4·60当时医生看了报告说是糖前要我要注意饮食和运动期间我经历了：每天饭量减半每晚餐后1小时快走两月减肥4KG隔三差五去药房测血糖，但血糖反而越来越不如以前...最终找到原因：我不该早上起床隔1个小时去单位附近药房测空腹，因路上有个时间差这个误差会有点高6.多为此专门买了强生血糖仪每天隔三差五早上一起床就测如此测空腹从未超5.5餐二从未超7目前感觉良好，不再过分纠结血糖，保持健康生活习惯现在每周或半月测一次血糖，空腹基本都在5.几餐二6.几在此能学到蛮多、倾听不同层次“糖界”人士的不同声音取其精华去其糟粕集思广益为我所用祝您健康！！！,346
413135,4586713,1,2015/1/7 23:04,323731,我今天真的毛了哈，上午10点半的时候，一个大约150克脐橙，午餐前2小块椒盐桃酥，然后起码150克魔芋烧鸭子，半碗蔬菜（300克左右），30克左右米饭，下午3点半左右200克柚子，晚餐吃了冷锅串串，可能没过重量，但热量嘛不知过了多少，今天彻底放开了整了一天，我觉得如果今天的举动是我防止崩溃的行为哈，每天过得小心翼翼的，自从成了糖以后，成了一个爱“算计”的人，一个“斤斤计较”的人，一个“犹豫不决”的人，但我今天可能要为我的放纵行为买单了，现在后悔了，从明天一定开始我的控糖生活。。。。,243
413243,4588128,1,2015/1/8 21:20,325454,1.性别：女2.年龄：253.糖尿病类型：不知4.患病日期：20135.治疗方式：饮食运动6.出生地：浙江7.目前居住地：浙江8.兴趣特长：无9.注册原因：了解糖尿病10.你是从什么地方知道甜蜜家园的:网络11.你对甜蜜家园发展的意见和建议:无12.自我介绍和留言（包括QQ等联系方式）：~,156
397233,4282894,1,2014/8/27 17:30,113556,建议辅以热茶与水果助消化中秋即将来临，大家总要尝尝时令月饼。月饼虽然好吃，并不是人人都适宜。姑苏区疾控中心提醒，七类人群在食用月饼时要注意。即便是身体健康、消化功能健全的成年人，也不宜过量。建议食用时辅以热茶、水果，可以解腻、助消化。一、糖尿病患者月饼本身含有大量糖份，糖尿病患者自然要忌食。月饼的含糖量、含脂量均很高，若吃过量，血糖立马会升高，油脂也会摄取过多。如果一定要吃，建议选择低糖或无糖月饼少量食用，同时平衡其他饮食的摄入量，对血糖、血脂也要密切关注。二、胆囊炎与胆石症患者这类病人也要小心，因为患有这两种病的人饱食过多月饼，可能产生急性胰腺炎。这种病发病急，少数患者可在短期内死亡。因此，尽量不要食用月饼。三、胃炎等消化系统患者消化系统不好的人，消化吸收能力本来就差，而月饼又属于高热量、高油脂的食品，进食后需要分泌大量的胃酸消化这些物质。月饼食用过多，会加重脾胃负担，对疾病的愈合不利，同时可能引起腹痛、腹泻。四、肾病患者传统月饼含糖、含脂量过高，一些新口味月饼（如香辣牛肉口味等）则含盐量不低。同时，大量香料、添加剂的加入，会大大加重肾脏负担，很容易诱发肾病加重甚至诱发急性肾衰竭。五、口腔疾病患者口腔疾病如龋齿患者也要少吃月饼。月饼中含有大量糖分，食用后如果不马上刷牙，食物残留在口腔，疾病会加重，范围会扩大。不只是龋齿患者吃后要立即刷牙洁齿，口腔健康的人群在食用后也要注意口腔清洁。六、心脑血管疾病患者及肥胖人士心脑血管疾病患者及肥胖人士尽量不要食用月饼。月饼中大量的糖和油脂可增加血液稠度，加重心脏缺血程度，可能诱发心肌梗塞。有的月饼，如蛋黄莲蓉月饼中含有蛋黄，胆固醇含量很高。一般患有心脑血管疾病的人，每日摄取胆固醇量不能超过四百毫克，而一个蛋黄约有六百至一千五百毫克，食用大量月饼很容易对病情产生影响。七、婴幼儿和老年人婴幼儿的消化系统发育不够健全，各种消化器官十分娇嫩和脆弱；而老年人各方面器官的功能都有所衰退，两者都难以承受大量高糖、高脂的食品。食用之后，非但无法吸收月饼的营养，反而还会给自己的身体带来负担，引发消化不良、腹泻，故尽量不食或者少食。,956
397650,4290840,1,2014/8/30 22:14,120885,前天吃了根沃尔玛大油条，很实很实的，没有一点油炸的泡，咬一口跟外面卖的油条不一样，外面的油条炸的里面空的。一小时7.4。无运动。昨天吃了6个自己包的豆面精面粉饺子，还有蒸南瓜，2H9.1。今天为了试验多吃油血糖请况，喝了三勺麻辣烫麻酱汤，汤上面漂着油，饺子3个，南瓜一大块，很多菜，2H7.4。饺子包得大，馅肉多，运动都一样。每次只要吃饺子6--7个血糖都在8到10点多。还是菜多肉少的，平时炒菜放很少油，油少了好像对血糖难控制，以后吃面食可以多放点油。,227
398987,4329375,1,2014/9/10 10:51,269666,好久没来了，最近空腹血糖一直没超过5.7，大部分都在5.2左右。餐2基本在7左右，坚持用药，适当忌口，饮食种类丰富，每天保证俯卧撑30个，基本与常人生活无异。近几日低血糖现象频发，虽及时采取措施但心中疑惑，难道胰岛功能在恢复觉得不可能，随即咨询专家，原来由于血糖保持良好，原来存于体内糖毒逐渐清除，增加了胰岛敏感性，胰岛功能反倒好起来，这是个好消息，专家建议我从原来10个单位速效1片阿卡波糖片减到8个单位速效胰岛素，一片阿卡波糖片。这也和每年我都要用两只长效胰岛素再强化一下有关系。自己感觉真的不错，和糖友们分享下。,260
503936,4781794,1,2015/3/10 14:47,327859,我想在家自己进行运动减肥，大家有没有好的运动方法告知谢谢帮忙～,32
524589,4813871,1,2015/3/17 11:26,325744,音乐能够给人带来美妙的享受，各种不同的音乐带给人的感受也不相同。对于糖尿病患者来讲，音乐保健法是一种令人愉快的自然疗法。音乐保健法的功能1、使人体分泌一种生理活性物质，调节血液循环和神经功能，让人富有活力，精神焕发。2、音乐节奏与旋律能使左脑休息，刺激右脑活动，对创造力、信息接收人力等潜在能力有激发作用。3、音乐能促进消化道活动，影响心脏血管系统，使血脉畅通，加速排除体内废物，有助疾病的恢复。选择曲目的原则音乐节拍约等于人的心率，节拍太快会让人紧张，节拍太慢又让人产生倦怠感。时间一个疗程一般为1~2个月，也可以3个月作为一个疗程。每周5~6次，每次约30分钟。推荐选用曲目糖尿病忧郁者：可选择速度较快、有生机的《诙谐曲》，或是节奏快、旋律优美的《圆舞曲》《江南春》，以及舒伯特的《小夜曲》等，能使人逐渐摆脱忧伤悲观的情绪。糖尿病身心劳倦者：可选择节奏鲜明、激情奔放的音乐，如《幻想曲》《锦上花》《假日的海滩》《矫健的步伐》等，以振奋精神、消除疲劳。糖尿病失眠者：建议听听中国民族乐曲《平湖秋月》，或莫扎特的《摇篮曲》。糖尿病并发冠心病者：要经常听平稳、柔情、优美的音乐，如《春江花月夜》、《二泉映月》《关山月》《小桃红》《我的祖国》《二月里来》《渴望》《月亮之歌》及《摇篮曲》等。这些音乐能消除精神紧张，可以放松身心，使人镇静，有催眠作用；还可消除烦躁不安感，调节呼吸和心律，对心血管系统有良好的调整作用，使血管舒张、血压降低，心脑血管血液供应得到改善，防治冠心病。糖尿病并发高血压者：可以听平静舒缓、朴实自然的音乐，如《平湖秋月》《茉莉花》《谁不说俺家乡好》《洪湖水浪打浪》《友谊地久天长》等，还可以听门德尔松的《春之歌》等，这些都能减轻精神紧张，稳定情绪，有助于血压下降。最好每天坚持散步30分钟，一边听音乐，一边散步，效果更好。,784
525708,4815955,1,2015/3/17 21:06,269666,中午单位食堂伙食还是不错的，米饭馒头炒菜还有汤，比较清淡可口，近一年血糖平稳，偶尔测测空腹都在4.8---5.8之间，晚间回家或在外面吃都要比在单位食堂吃的要丰盛些，测餐2都在7以下，所以中午基本不测，可前几天偶尔回家取东西一看时间正好午饭后两小时，一测吓了一跳，12.7！开始还怀疑血糖仪，可前几天刚做的生化误差0.3。于是我把机器拿到单位第二天中午饭后又测，也是12点多！找原因，一定是食堂午餐问题，第一时间就想到是那碗汤。食堂做的汤有西红柿鸡蛋汤、玉米羹汤或者紫菜蛋花汤，每一种汤都是勾兑很浓的淀粉芡。于是我从昨天中午开始就不喝汤，连续测了两天餐后2h都是7左右，今天中午米饭、西红柿炒鸡蛋、尖椒干豆腐，凉拌豆芽（放糖），我吃了很多，餐后也才7.6！我查了资料，勾芡的汤好比一碗浓糖水一般，糖尿病人碰不得啊！前几天测喝汤后3小时血糖能恢复到7以下，落差能达到5，这种一过性的高血糖更会伤害身体的。,401
404566,4464047,1,2014/10/26 17:34,126664,常见“厨师”炒菜，锅里的油着火了，于是被夸为“厨艺高”，，，，，，，，,36
404621,4464926,1,2014/10/27 9:19,110616,近些年来，“排毒”成为一个流行词汇。其实，从严格意义上来说，排毒并不是一个严谨的科学用语，并且至今没人能很明确地表述这个概念。但合理的膳食可以减少体内代谢废物和肠道发酵毒素的产生，可以提高人体的解毒功能，同时还能减少人体对一些毒素的吸收，促进其从肠道排出。因此，从这个角度来说，食物中有一些“排毒高手”。绿叶菜。多项研究证明，绿叶蔬菜中的叶绿素、膳食纤维和多种植物化学物，有利于减少污染物的吸收，促进它们从肠道排出，提高肝脏的解毒能力，减少致癌物的致突变作用。建议大家每天至少吃半斤绿叶菜，如小白菜、菠菜、茼蒿、芹菜、油麦菜等。海带。海带含褐藻胶、海藻酸等物质，可以降压降脂。尤其值得一提的是，海带中的活性物质可以与食物中的致癌物质相结合，将它们带出体外。此外，海带还富含多种微量元素，如碘、铁和钙等。木耳。木耳富含可溶性膳食纤维，是著名的润肺排毒食物。它可促进肠道蠕动，还能与胆固醇有效结合而预防高血脂。现代医学认为，木耳所含的一种植物胶质，有较强的吸附力，可将残留在人体消化系统的灰尘杂质集中吸附，再排出体外，从而起到排毒清胃的作用。燕麦。燕麦当中不仅富含纤维素和半纤维素，可以与重金属类物质结合，还富含β葡聚糖等可溶性膳食纤维，对于降低血糖、预防高血脂等都很有帮助，也能促进食物中的污染物排出。西兰花。除富含维生素、矿物质、叶绿素、β胡萝卜素等多种基本营养素外，西兰花中还富含吲哚和硫氰酸盐等有益成分，这些都有助于清除体内毒素，从而减小肾脏负担，并且有助预防癌症。,651
404625,4464956,1,2014/10/27 9:37,110616,食物中嘌呤含量一览表，一、痛风患者可以吃的食物。二、痛风不能吃（尽量不要吃）的食物。三、痛风患者可适当吃一点的食物。食物、热量、脂肪、嘌呤。一、痛风患者可以吃的食物食物热量脂肪嘌呤名称(千卡)(克)(mg)菠菜920.513.3奶粉151211.115.7莴仔670.515.2柠檬1340.33.4鸡蛋白15103.7鸡蛋黄140729.72.6芹菜710.38.7辣椒2560.214.2姜840.25.3白菜970.39.7葱头1510.48.7橙子1810.23橘子1680.22.2西瓜1050.11.1苹果1930.21.3猪血800.611.8海参1220.14.2白米7690.318.4玉米3910.69.4面粉15201.217.1蜂蜜12940.21.2马铃薯3400.33.6,943
404756,4466412,1,2014/10/28 8:01,316612,昨天晚上下班后和同事出去吃饭，去的港式的茶餐厅。点了虾饺和牛肉炒饭。虾饺就吃了2个，炒饭太难吃，吃了半碗。回家测2小时10.2.我感觉根本没吃饱，还想着回家喝袋奶呢，一看这个血糖值就没喝。那么问题来了：如果到外面吃饭我应该点什么样的菜式才能既吃饱又不让血糖飙升呢大家有没有好的建议呢,143
404809,4466993,1,2014/10/28 14:16,126664,能说出是什么吗,8
404877,4467837,1,2014/10/29 6:09,126664,我觉得等量纯粮量的馒头血糖反应很差，比其它面粉类食品血糖高。什么原因呢,37
404880,4467912,1,2014/10/29 8:24,302114,以前只打胰岛素，中午血糖有点高，想中午加吃盐酸二甲双胍缓释片。今天到药店去买盐酸二甲双胍缓释片，去后发现，品种太多了，服务员问我要哪里的价格多少钱的，真是：多少钱的都有，什么价位都有，我昏头了，不知买什么产地的，价格多少的。最后买个中等的，悦康药业的4.00元，还有贵的，明白人是否告知什么牌子的好价格是多少价位这些药都能是真的怎么证明,174
404953,4468932,1,2014/10/29 17:29,321788,一周前中餐25只饺子（肉菜混合），餐2是14.3；今日中餐同样饺子13只，餐2是6.5；所以餐量与血糖相关性。,55
405846,4482635,1,2014/11/6 14:16,321265,今天早上8点半陪领导做接待，安排几位同事吃早点（牛肉米线），另外切了1斤牛肉拌凉片吃，13点10分准备吃个午餐，觉得肚子不太饿，可能是早上吃多了，测一下血糖，都快4个半小时了，居然测到7.1，吓死我了，连忙吃下两片二甲双胍，然后做保健操运动20分钟，换个手指又测一下，4.7，怎么办啊这波动也太快太大，我在犹豫到底还吃不吃午饭，着急啊！我该怎么办啊！,180
405892,4483316,1,2014/11/6 20:05,320716,今天一天餐2都7+晚上餐27.5餐35.9有些饿啊。。。这是低血糖反映吗70克面食熟重，一个鸡腿，菜吃饱。。,61
405932,4483679,1,2014/11/6 22:50,322212,卡尔加里大学RonaldSigal博士当前，超重和肥胖青少年通常都被建议进行锻炼，但是，关于这些青少年应该进行何种类型锻炼方面的证据非常有限。多余脂肪有可能会引起有氧运动能力受损，但却不会影响力量锻炼（抗阻运动）能力。此外，与有氧运动提升有氧适能相比，抗阻运动提高力量通常更为明显，而且速度也更快。为了评估有氧运动、抗阻运动、以及有氧运动联合抗阻运动对超重和肥胖青少年体内脂肪含量的影响，我们进行了HEARTY试验研究。该研究中，共有304例青少年受试者被随机分到有氧运动组、抗阻运动组、有氧运动与抗阻运动联合锻炼组、或非运动对照组。有氧运动课程每节课持续35~45分钟，受试者心率要求达到最高心率的65%至80%，而抗阻运动课程每节课包括6~7个训练动作，每个动作重复8次，共进行3套，当健康状况良好时，通过完成整套动作，受试者最大负重有可能提升8倍。整个研究期间，受试者依从性并不是太令人满意，不同干预组的受试者每周完成的课程中位数为2.2~2.6，都达不到研究指定的每周4节课程。然而，三个运动干预组体脂百分含量虽然仅是轻度下降，但具有临床和统计学意义。研究发现，至少完成70%指定课程（例如，平均每周至少进行2.8节运动课程）的受试者体内脂肪有更大幅度的下降，而且，有氧运动与抗阻运动联合锻炼组受试者体内脂肪下降幅度明显高于单纯有氧运动组。此外，以往在成年2型糖尿病患者中进行的研究也发现，有氧运动与抗阻运动联合锻炼对成年2型糖尿病患者极为有益。监护指导下运动训练的益处在HEARTY试验干预治疗期间可能没有完全体现出来。整个干预治疗期间，许多受试者体内脂肪含量仅轻度下降。但是，当多年以后对受试者进行回访时，受试者称，通过参与这项试验研究，他们获得了极大的自信，试验结束后的1~2年期间，他们体重下降非常明显，甚至有些患者能减重超过100磅，而且，他们还能维持减重效果。这是否意味着所有超重和肥胖青少年都应该起始有氧运动与抗阻运动联合锻炼计划不尽然。运动锻炼对超重和肥胖青少年体脂百分含量的影响虽有统计学意义，但下降幅度很少。饮食控制与运动锻炼相结合的方案花费相对较高，而且现有资源也无法总能满足方案实施需要。然而，对于想要通过运动锻炼获得最大减肥效果，并愿意为之投入必要时间和精力的青少年而言，他们非常有可能通过有氧运动和抗阻运动联合锻炼成功提升适能，降低体重。,994
405947,4483920,1,2014/11/7 9:18,315171,确证糖尿病后，我就没敢吃花生，以前特别爱吃，现在也特别想吃，请问各位朋友，糖尿病人到底能不能吃花生。,50
406214,4487167,1,2014/11/9 13:44,321720,两个肩膀累,5
406435,4489999,1,2014/11/11 5:59,318039,你们牛奶跟主食一起吃吗,11
406437,4490031,1,2014/11/11 7:31,126664,我只知道脂肪过多摄入不好，，，，，，，，，，，，,24
406543,4491482,1,2014/11/11 20:21,110616,兹介绍几则关于饥饿的故事《战国策·齐策四》中讲了这样一件事：有一次，齐宣王要任用处士颜斶做官，以利禄引诱他，说做官后可以“食必太牢，出必乘车”。颜斶毫不动心，坚决辞谢，表明自己愿回家自在生活，“晚食以当肉，安步以当车”。他所说的“晚食以当肉”，就是在饥饿的时候再进食，即使粗劣的食物吃起来也像吃肉似的好吃。我国宋代大文学家苏轼就很推崇这种方法。北宋元丰三年，他被贬到黄州任团练副使，生活异常困苦。他就是用此法来“享受生活”、度过贫困的。他在《答毕仲举书》中说：“偶读《战国策》，见处士颜斶之语：‘晚食以当肉’，欣然而笑。若斶者，可谓巧于居贫者也。菜羹菽黍，差饥而食，其味与八珍等……”他当时虽然吃的是“菜羹菽黍”等粗饭，但总是饥饿了以后再吃，因而感觉就像吃山珍海味一样香甜。至于用“饥饿疗法”防病治病，中外古书上都早有记载。2600年前古埃及的一张莎草纸上，就写有这么一句话：“人吃得太多，只有四分之一是为自己吃，其余的四分之三养活了医生。”我国战国时期编写的《黄帝内经》一书，就把“饥饿”作为一种治病的方法列入其中。而曹雪芹的小说《红楼梦》中，也有多处谈到用饥饿的方法治病健身。如第四十二回中写王太医给巧姐儿诊病，就说：“我说了，姐儿又要骂我了，只是要清清静静饿两顿就好了……”第五十三回写道：“这贾宅中的风俗秘法，无论上下，只一略有些伤风咳嗽，总以净饿为主，次则服药调养。”晴雯伤风，“净饿了两三日，又谨慎服药调治……便渐渐的好了”。第一百零九回写贾母因多吃了些，胸口饱闷，鸳鸯要去告诉贾政，贾母不让，说：“我饿一顿就好了，你们快别嚷。”从这些描写中可以看出，深谙医学的曹雪芹对王太医惯用、贾府一向奉行的“饥饿疗法”，是充分肯定的。除防病治病外，“饥饿疗法”还能增人健康，延年益寿。传说有一次乾隆皇帝到江南私访，微服来到浙江西塘镇的关帝庙进香。他见住在庙中的慧灵和尚虽已年过花甲，却精神矍铄，身体健康，便向他请教长寿之道。慧灵正色答道：“施主若问长寿秘道，那也容易，即要常以‘鸡’‘鹅’为食，常思‘鸡’‘鹅’为本，此乃是人之根本。施主若能切记，自然会悟出秘道。”乾隆回到住地，又把慧灵的长寿秘道反复吟了几遍，顿时恍然大悟：“鸡”“鹅”与“饥饿”谐音，莫不是要我节制饮食、知道饥饿吗这位万岁爷是不是从慧灵那里得到养生秘诀，不得而知。但他能在位60年，活了89岁，成为中国历史上最长寿的皇帝，肯定与他合理的生活方式、节制饮食有关。很难相信，一个整天在山珍海味中暴饮暴食者能够如此健康长寿。,1073
406628,4492766,1,2014/11/12 14:00,322212,"11月14日是联合国糖尿病日，今年的主题是“健康饮食与糖尿病”。对于“糖友”来说都知道健康饮食的重要性，但是，究竟哪些饮食习惯和食物更能有效防控糖尿病呢据《印度时报》报道，《糖尿病护理》杂志刊登的加拿大一项新研究发现，每天吃坚果有助于控制2型糖尿病病情，防治糖尿病并发症。多伦多大学营养科学系的大卫·詹金斯博士及其同事对117名2型糖尿病患者展开了相关研究。结果发现，2型糖尿病患者每天以2盎司(约合57克)坚果取代富含碳水化合物的食物，可有效控制血糖和血脂。南京市中西医结合医院内分泌科主任张永文介绍说，坚果中含有丰富的蛋白质、不饱和脂肪酸以及维生素等营养元素，有助于糖友们稳定血糖、调节代谢。但是目前市场上出售的坚果很多都是盐焗类的，这一类坚果因其口感好，广受欢迎，但其中含有大量“隐性盐”，大大超过人均日摄入量标准，高血压及糖尿病患者一定不要多吃，坚果类食品最好每日食用25-30克为宜。据英国《每日邮报》报道，日本科学家在考虑体重、性别、年龄、家族糖尿病史、烟酒摄取量、血压和胆固醇等因素的同时，对比了爱吃点心或半夜吃东西等不良饮食习惯，发现吃东西太快是最容易增加糖尿病患病风险的坏习惯，这类人发展为糖尿病前期的风险是健康人的两倍。Img355905598.jpg(41.81KB,下载次数:33)下载附件保存到相册2014-11-1214:00上传该院糖尿病专科护理门诊程艳主管护师介绍说，一般进食过快容易吃得多。食物进入人体后血糖会升高，当升到一定水平，大脑食欲中枢就会发出停止进食的信号。如果饮食过快，当大脑发出停止进食的信号时，往往已经吃入过多的食物，易导致餐后血糖过高。建议糖友平时吃饭养成细嚼慢咽的习惯。2014-11-1204:55来源：金陵晚报我有话说□通讯员杨璞金陵晚报记者苏丽萍",777
582345,4934487,1,2015/4/18 13:21,321720,每天在家早晚打胰岛素各8个单位。浑身没劲。今天去检查，大夫让住院做一下系统检查，抽了5管血，验尿，CT。彩超，心电图。医院血糖仪测4.6。大夫不让打胰岛素了。午餐后9.6。没用药，高吗,93
584061,4949616,1,2015/4/23 10:34,330402,"美国科学家近日在人体内发现了一种全新的“好”脂肪，它可提高胰岛素敏感性，降低血糖值，从而防治糖尿病。研究人员10月9日在美国《细胞》杂志上发表报告说，这种“好”脂肪是一种叫做“脂肪酸羟基脂肪酸”的脂质分子，此前没有引起人们注意，是因为它在人体细胞和组织内的水平较低。1.jpg(86.55KB,下载次数:0)下载附件保存到相册2015-4-2310:34上传脂质分子一般不利于健康，但也有少数脂质分子例外，如鱼油中含有的欧米伽-3型脂肪酸。但与哺乳动物自身无法生成欧米伽-3型脂肪酸不一样的是，人体自身便能制造并分解“脂肪酸羟基脂肪酸”分子。参与研究的美国索尔克研究所的阿兰·沙格泰利安教授说，有益脂质的种类不多，根据“脂肪酸羟基脂肪酸”表现出的功能，可以将其归入有益脂质。这一“好”脂肪是在研究一种脂肪酸水平较高的糖尿病抵抗小鼠时被发现的。脂肪酸水平高一般是胰岛素抵抗和葡萄糖不耐受的信号，但这种小鼠恰恰相反，不仅胰岛素敏感性提高，而且血糖水平得到控制。研究人员结合使用质谱分析和化学分析发现，此种小鼠的“脂肪酸羟基脂肪酸”水平比正常小鼠高出16到18倍。进一步研究显示，这种脂质分子导致小鼠血糖水平降低，胰岛素水平升高。研究人员还调查了存在胰岛素抵抗问题的糖尿病高风险人群，结果发现他们体内的“脂肪酸羟基脂肪酸”水平比正常人低50%至75%。研究人员认为，这些结果表明“脂肪酸羟基脂肪酸”水平的变化与糖尿病相关，因此这种脂肪酸有可能作为一种新方法防治糖尿病。此外，该分子还可减轻炎症，说明它也有潜力用于治疗类风湿性关节炎等炎性疾病。（本文转自中国科学院）",717
584075,4949778,1,2015/4/23 11:40,328276,我时不时感觉皮肤刺痛，问医生，医生没表示，我说我准备吃VB多维片，医生就说对我的刺痛有好处，难道是神经并发症啦！,56
584091,4950026,1,2015/4/23 13:53,42852,发现糖尿病时，尿糖4+，那时以测尿糖为主，有尿必测。试纸便宜，仅2元一盒，没有采血的痛苦。后来尿糖就逐步降低，直至测不出来。有了血糖仪就不再测尿糖了。去看医生，问起尿糖情况，我直接回答现在没有尿糖。回来想想，没有通过检测，只是凭臆断回答。因此又去买了尿糖试纸，测了几次，果真是没有尿糖，这才放心。,160
584098,4950088,1,2015/4/23 14:32,117000,诺和诺德在美国推出新型减肥药Saxenda，1068美元/月来源：生物谷2015-04-2313:402015年4月23日讯/生物谷BIOON/--诺和诺德（NovoNordisk）近日宣布，在美国推出新型减肥药Saxenda（liraglutide，利拉鲁肽，3mg），该药是首个开发用于体重管理的胰高血糖素样肽-1（GLP-1）受体激动剂，已获美国、欧盟、加拿大批准。目前，美国减肥药市场相对拥挤，Saxenda所面临的挑战，除了来自市面上其他3款减肥药（Contrave，Qsymia，Belviq），还包括如何说服医生。而且，Saxenda售价高达1068美元/月，这将进一步刺激纳税人治疗肥胖的意愿，至于患者需要支付多少，将取决于Saxenda是否被其个人医疗保险覆盖。相比之下，Orexigen公司推出的减肥药Contrave售价仅200美元/月。不过，诺和诺德有自己的策略。作为糖尿病领域的巨头，诺和诺德与全美内分泌医师建立有良好关系，该公司认为，凭借这一点Saxenda就能领先其他竞争对手。而且，临床医生对Saxenda已经很熟悉，该药与诺和诺德年销20亿美元的糖尿病药物Victoza（利拉鲁肽，1.8mg）具有相同的活性药物成分。另外，诺和诺德对Saxenda的目标人群也有精准定位。该公司今年早些时候表示，正在积极争取Saxenda进入“病态肥胖”患者的医疗保险，即体重指数（BMI）≥35的目标人群。在该群体中Saxenda的成本效益非常明显，患者治疗后健康及生活质量取得大幅改观。不过，诺和诺德首席运营官KareSchultz在2014年Q4财报电话会议中表示，现在谈Saxenda究竟能取得多大程度的成功还为时过早。业界将这一言辞解读为诺和诺德部分承认了该公司将要面临的市场竞争。Vivus公司和Arena公司分别在2年前推出了各自的减肥药Qsymia和Belviq，但市场反响平平，之后日本药企卫材与Arena达成合作，部分提振了Belviq的销售。但最近卫材宣布裁员，将会对Belviq的营销带来不利影响。另一方面，Orexigen去年推出Contrave，并与武田达成营销合作。一些分析师认为，这一联盟将成为减肥药领域一个更强大的竞争对手。到目前为止，Contrave的处方量正在稳步增长，市场份额约为三分之一。目前，武田在Contrave上部署有900名销售代表。武田在美国推出糖尿病药物艾可拓（Actos）以来，也与全美内分泌医师建立了良好的关系，该公司推出的共同支付援助计划，降低了患者的支出，不过Belviq和Qsymia也有各自的优惠。诺和诺德表示，将为Saxenda部署500名销售代表。有分析师预计，Saxenda的销售峰值有望达到15亿美元，而诺和诺德也对该药的重磅销售潜力非常有信心。Saxenda强大的临床疗效证据Saxenda（利拉鲁肽，3mg）是利用糖尿病药物liraglutide（利拉鲁肽）开发而成的首款减肥药物，该药也是近几年获批的第4款减肥药，也是唯一的减肥针剂。Saxenda的适应症为作为一种辅助药物，联合低热量饮食及运动，用于体质指数（BMI）大于或等于30的成年人，或者是那些体质指数为27及以上、伴有高血压、2型糖尿病或高胆固醇等至少一种肥胖并发症的成年人。在临床试验中，liraglutide（3mg）结合饮食和锻炼，能够有效减轻患者体重，同时也显著改善了肥胖相关合并症，如高血压、血脂异常、睡眠呼吸暂停。而在肥胖症合并2型糖尿病或糖尿病前期（prediabetes）患者中，除了降低体重外，liraglutide（3mg）也显著改善了血糖控制。今年3月初，诺和诺德公布了Saxenda一项IIIa期临床研究的新数据。该研究在超重患者中开展，尽管这些患者没有糖尿病，但都伴有肥胖相关问题（如高血压或高胆固醇）。数据显示，肥胖患者采用Saxenda治疗后，其血糖和血压水平、腰围都下降了，生活质量也得到了大幅改善。该研究的一个重要目的是验证长期注射Saxenda能够有助于延迟2型糖尿病的发生，但目前数据尚不能很好说明这一点。目前，在全球范围内，肥胖症已成为一种严重威胁健康的流行病，并导致其他一些疾病发病率的上升，其中最为显著的是心血管疾病、糖尿病和癌症。liraglutide是新一代的人胰高血糖素样肽-1（GLP-1）类似物，具有葡萄糖浓度依赖性的降糖效应和β细胞保护作用，同时还具备多种降糖外效应：如减肥，调节血压、血脂等心血管危险因素。（生物谷Bioon.com）信源：UnitedStatesfirstcountrytolaunchSaxenda,1945
584158,4950529,1,2015/4/23 17:29,329203,今天去医院问医生脚趾疼说是并发症没特效药让吃维生素严重了吃甲沽胺心情真心开心不起来,50
584309,4952935,1,2015/4/24 19:08,329195,据说，胰岛素从冰箱取出时直接打的感觉不好，是什么感觉，有人体验过吗,34
584359,4953861,1,2015/4/25 10:52,329203,查出糖尿病以来就没敢吃紫薯昨天没忍住生146克给消灭了餐二6.4还可以,40
584364,4953956,1,2015/4/25 11:35,328718,"病程:12年,治疗方案:锐30R三针.",19
413263,4588427,1,2015/1/9 9:28,323731,糖友们，我想问问大家你们的血糖仪和试纸一般在哪里购买，是网上还是在实体药店，我还从来没在网上购买过血糖仪呢，我觉得实体药店货源靠谱，但价格又太高，网上购买价格便宜一点，又不知性能怎样，各位前辈，给点经验之谈吧（最好说说你们的血糖仪牌子）拜托拜托,122
413961,4597019,1,2015/1/14 15:00,325747,1.性别：男2.年龄：413.糖尿病类型：Ⅱ型糖尿病4.患病日期：14年11月5.治疗方式：二甲双瓜6.出生地：河南7.目前居住地：驻马店8.注册原因：了解糖尿病知识9.你是从什么地方知道甜蜜家园的:百度就是这些了，新糖人来啦！！,124
413972,4597194,1,2015/1/14 16:15,325747,刚运动完，感觉有点头晕，心跳也不正常，怎么回事求解,25
414243,4601123,1,2015/1/16 14:48,325900,新人报到，发病两年，1.5型，怀孕5个多月，,22
415238,4613773,1,2015/1/23 14:08,326212,我来啦！我要晋级！,9
395179,4244817,1,2014/8/12 8:45,318039,怎么吃完饭总是餐后1小时高啊，有时候半小时会到8以上，怎么办呢,31
396302,4266832,1,2014/8/20 20:12,302114,我打优思灵30r胰岛素，打30分钟吃饭，但餐2时血糖都高，我是2型糖尿病，我怀疑是胰岛素分泌滞后，怎么知道胰岛素分泌滞后,61
396341,4267505,1,2014/8/21 7:55,316612,从发现dm，2个月从132斤减到116斤，但是现在体重怎么也不往下掉了，天天量体重，都是58公斤。这是怎么回事啊，我想减到106斤的标准体重。我吃的也不多呀，还运动。真邪门。听说吃二甲能快速减肥，但是又害怕副作用，真是头疼。,112
396909,4277039,1,2014/8/25 15:27,316612,看到论坛里好多人都有两个或者两个以上的血糖仪，测血糖的时候对比一下，但是我觉得这也太浪费了吧。每天得流多少血呀，听说一些血糖仪还比较费血。如果两个血糖仪出现不一致，你是还得去医院做静脉抽血吗DM又控制饮食，不让吃蛋白多的东西，怎么补血呢你们都查过血色素吗，低不低呀真心觉得有一个血糖仪就够了，实在不放心就去医院测个静脉。,163
397019,4279132,1,2014/8/26 11:02,226635,皮肤覆盖于人体的表面，可以算是人体最大、面积最广的器官，可以反映出内脏的病变。。所以从皮肤观察某些病症的信号，也是有理可循的。糖尿病是一种慢性内分泌代谢性疾病。近年来，医学界研究发现，不少缺乏典型征状或是处于隐性期间的糖尿病人，其皮肤往往会出现种种异常变化对于糖尿病患者来说，反映到皮肤上的信号有：全身或局部性瘙痒专家说，其实皮肤瘙痒是糖尿病的早期发病的症状之一，糖尿病患者发生皮肤病或是皮肤感染的很常见，有一些患者甚至是在皮肤科看皮肤感染时，才知道患有糖尿病。早期糖尿病人的皮肤瘙痒分为全身性或局部性，发病部位则不定，发病程度也不一致，但一般多发生于女阴、阴囊等部位，特别是女性外阴瘙痒更为常见。毛囊炎早期糖尿病患者体内的血糖浓度已经比正常人高，皮肤组织的含糖量也高，容易滋生细菌和真菌，发生感染，其中最常见的是毛囊炎。皮肤上会出现痱子样的炎症。这些痱子样的小疙瘩里面有脓液，触摸时会痛，把脓液排出后会愈合，但会反复发作，此起彼伏。如果不及时处理，会引起毛囊周围炎，又叫做疖。出汗多由于糖代谢障碍，神经功能紊乱，交感神经兴奋，汗腺分泌异常，糖尿病患者皮肤潮湿多汗，动不动就汗流浃背。这可能是神经病变的前兆，是糖尿病的并发症，患者应给予足够重视。感觉异常四肢的皮肤时有麻木灼热感，也有人四肢疼痛，穿衣服和盖被子的时候疼得更厉害。长期高血糖可引起神经系统并发症，但有些患者出现感觉异常后仍然不知道自己有糖尿病。皮肤疱疹糖尿病人身体抵抗力弱，皮肤容易感染。有的患者皮肤上会长水疱，里面有透明的浆液，多出现在手脚上。虽然水疱几周内就可愈合，但会反复出现。,712
397227,4282780,1,2014/8/27 16:59,318039,中国工程院院士郑树森说：人工器官、克隆器官将成器官移植供体来源胰腺移植，糖尿病不用吃药可根治心脏移植，敲除猪心基因可作供体http://www.zy91.com/zxxw/1980.jhtml,99
397228,4282801,1,2014/8/27 17:04,318039,原来觉得馒头不好吃，现在发现馒头真香，看着包子铺的包子心想吃4个包子就是一种幸福，哎，什么时候能根治啊,51
397324,4284574,1,2014/8/28 11:26,226635,"说到糖尿病的危害，毋庸置疑就是它的并发症危害极大，尤其是糖尿病足严重的甚至影响患者的身心健康。据调查，我国城市糖尿病患病率达1％，40岁后随年龄增长呈直线上升，几乎每增长10岁年龄，患病率增加1％。这些老年糖尿病人常无典型的多尿、多饮、多食、消瘦等所谓“三多一少”现象，反而以体胖者更为多见。神经病变、血管病变及感染构成糖尿病足的三大因素糖尿病足是糖尿病患者特有的临床表现，是糖尿病严重的血管并发症之一。那么，糖尿病足是怎么形成的呢内分泌科医生分析，长期糖尿病可引起大动脉硬化、冠心并脑动脉硬化。糖尿病还可引起微血管病变，影响肾脏，出现糖尿病性肾病，此及形成高血压的另一因素。高血压又加剧糖尿病性肾病，使肾损害不断加重。另外，糖尿病还可影响神经系统，出现糖尿病性神经病变，常表现为周围神经病变，出现肢体感觉异常、减退。由于肢体感觉减退，极易发生损伤，而且由于神经及血管病变，下肢皮肤营养供应不良，一旦损伤不易愈合，易继发感染和形成溃疡，久治不愈。由于周围神经病变，可导致足底小肌肉萎缩，呈爪形趾。由于足部变形，步态改变，可使着力点发生改变，易产生胼胝、鸡眼，摩擦易发生损伤。加之肢体植物神经病变，出汗减少，足部皮肤干裂，肢体动脉硬化引起缺血，极易发生皮肤溃疡、感染。由于肢体动脉粥样硬化，下肢缺血，可引起小腿肚易抽筋，走路久时下肢疼痛，跛行，须歇息后才能缓解，这种现象医学上称之为""间歇性跛行""。以上神经病变、血管病变及感染构成糖尿病足的三大因素。秋季预防糖尿病足要保暖关于秋季节如何预防糖尿病足专家建议：到了秋季，广大网友应该预防糖尿病足要做好保暖工作。因为，秋季糖尿病患者足部保暖，可保证足部血液循环。避免长期暴露于寒冷或潮湿环境。另外，患者的鞋子要保持干燥，鞋垫要经常洗晒，宜用柔软保暖的鞋垫，宜穿羊毛袜或棉纱袜，有助于吸湿保暖。为缓解夜间足凉可穿袜套，但不要用热水袋、汤婆子、小火炉暖脚，以免发生烫伤。值得注意的是，糖尿病人预防糖尿病足要注意鞋袜合适，不宜过紧、过硬，每天应检查鞋内有无异物、趾甲屑等，鞋垫是否平整。鞋号要合脚，穿新鞋每次不宜超过两小时，而且不宜长距离走路，以免足磨损。",925
397356,4284994,1,2014/8/28 14:39,318888,1.牛奶中含有丰富的蛋白质、微量元素以及多种维生素，对心脑血管有着保护作用，还可以预防冠心病，可降低血压，预防骨质疏松，对防治糖尿病有着很大的帮助。2.牛奶对普通人来说有着滋润脾胃，生津润肠、补虚安神的功效。牛奶仅含糖3.4%左右，含量并不高，只相当于菜花的含糖量，低于任何水果，对患者血糖影响不大。3.乳类中的碳水化合物主要是乳糖和半乳糖，有促进钙吸收的作用，这对于糖尿病病人是非常重要的。乳类是动物性食物食品中唯一的成碱性食物，对糖尿病患者是一个非常好的选择。4.糖尿病病人由于代谢紊乱，体内会产生一些酸性物质，而牛奶是成碱性食物，所以具有使体液保持酸碱平衡的作用。5.牛奶对我们人体的影响很大，和牛奶也是为了治疗糖尿病。牛奶的含糖量很少，所以根本不用担心。,335
397437,4286653,1,2014/8/29 8:56,316612,咱们DM能每天喝一小杯葡萄酒吗或者在节日聚餐上喝一小杯我是葡萄酒爱好者，没得DM之前总是喝一小杯，自从DM后就没碰过，都说葡萄酒对身体有好处，那DM能喝吗,81
397460,4287081,1,2014/8/29 11:37,313753,昨天买了一本书《别让医生杀了你》很有感触早上上班在外面吃的，改革了一下稀米粥、俩素馅包子，合计3元，真便宜、最主要是健康绿色无添加剂...以往早餐只关注营养不营养，现在干脆不要计较营养了，此前早餐基本是牛肉面或混沌、酸奶、茶叶蛋这个卡路里什么的肯定超了现在要改变，我要过穷生活，怎么简单怎么吃，总胆红素偏高低密度脂蛋白达上限了怕血脂高、以后就尽量吃老人餐，越简单越好，开始强迫自己过最差的生活吃最自然的食品.........,220
397481,4287692,1,2014/8/29 14:58,316612,最近血糖控制的挺好，我一直没吃药没打针，最近早上空腹都在5.6以下，早餐和晚餐2小时都是7左右，但是中餐2小时后有3次都到了15，这三次有两次是在感冒期间，但是中午饭也没吃多或者吃不该吃的东西，比如今天：空腹5.4早餐二6.4，中餐二15.2，简直是匪夷所思。中午吃了一块玉米发糕，半杯豆浆，一点香菇酱。大家对此怎么看我该如何调整中餐2呢,172
397567,4289343,1,2014/8/30 9:47,313753,早餐蛋炒饭，蔬菜，冰糖豆浆一玻璃杯餐前4.8餐二6.5.......餐三8.6是什么意思（生化糖耐正常）,60
397596,4289689,1,2014/8/30 13:00,313753,"此前发的贴子表述不准确,上午9点半测的应该是〝随机血糖〞不应是餐三血糖。是前天早上在家测空腹4.8餐二6.4不是今天早上，今天上午因为同事买了新血糖仪所以随机测了一下8．6,,,,,,为什么这个随机这么高呢",107
398462,4319036,1,2014/9/5 17:54,317565,"刚才的唐护士和鱼2貌似没啥人看这下来卓越QQ图片20140905175229.jpg(29.89KB,下载次数:33)下载附件保存到相册2014-9-517:54上传QQ图片20140905175233.jpg(27.33KB,下载次数:28)下载附件保存到相册2014-9-517:54上传",170
398654,4322285,1,2014/9/7 11:24,311545,一开始不知道老爸从哪里开了个安准来。后来我积极参加活动，智能、糖护士都有了。还有京东买的易准我现在是三诺粉拉，期待三诺产品质量稳定稳定再稳定,71
400220,4352552,1,2014/9/19 17:28,20787,"用易准与卓越对比，观察稳定性。卓越试纸是水货15年1月期。易准是15年10月期，批号3412NA。对比都前些日子的。全部对比都在此上传。IMG_0546.JPG(102.74KB,下载次数:30)下载附件保存到相册2014-9-1917:22上传IMG_0549.JPG(86.13KB,下载次数:40)下载附件保存到相册2014-9-1917:22上传IMG_0555.JPG(94.9KB,下载次数:35)下载附件保存到相册2014-9-1917:22上传IMG_0557.JPG(58.5KB,下载次数:36)下载附件保存到相册2014-9-1917:22上传这次用的易准试纸都是两电极。裸露的电极部分比较长。使用时不要用手触及电极。电极向血糖仪插入时，阻力比较大，不要折弯试纸。",390
409403,4531000,1,2014/12/4 22:45,320270,"今天晚上吃了2两乔麦面和蔬菜，先吃菜后吃面，吃到7.8分饱，白天运动了，晚上没运动！餐后1小时7.3,2小时8.8，用的活力和卓越一起测的，结果都一样！这是怎么回事啊",84
409647,4534847,1,2014/12/7 13:06,320270,"医生经常让糖尿病患者测餐后2小时，我发现一个问题，让我血糖说话:空腹5.1,餐后1小时8.5,餐后2小时6.4。还有一次空腹5.3，餐后1小时5.3,餐后2小时8.5，餐后3小时6.5。这个血糖高峰也太坑了嘛，还让人怎么找高峰了我喝75克糖水高峰在1小时，自己在家吃饭经常高峰都在变，各位同志这种情况是怎么回事！",157
424431,4655703,1,2015/2/9 22:44,320270,"我查出来糖前，总是感觉饿，吃了饭3,4个小时肚子就开始叫了，饿的时候测血糖5.3左右，空腹一般5.5内，餐后8点多，可是总是饿啊，到底该怎么办",71
510677,4791881,1,2015/3/12 13:09,320270,我空腹血糖5.3，早上11点才吃的早餐，吃的50克燕麦和蔬菜，还有一个鸡蛋和三片江中喉头菇饼干！没动！测了餐1:9.0，餐1个半小时8.2，餐2小时6.8，昨天测的糖化5.3%参考值是(4.0-6.0)这个餐1高的太夸张了，我现在怀孕50多天了，糖前怀孕的该怎么办,132
510866,4792195,1,2015/3/12 14:39,320270,没吃早饭，午餐吃了50克燕麦蔬菜和鸡蛋，还有三片江中喉头菇饼干！餐后1小时9.0，餐后1个半小时8.2，餐后2小时6.8，餐后3小时4.1，餐后3个半小时4.8，这是怎么回事呢,88
518348,4802605,1,2015/3/14 10:31,320270,我想咨询下，我生了第一个孩子一年后血糖异常，空腹5.3，餐后半小时8.7，餐后2小时7.9，餐后3小时5.8！医生说糖耐量减低，最后自己饮食运动控制，餐后不是1小时就是8小时到8点多！把牙龈发炎治好后血糖好多了！可是我又发现怀孕了，而且快2个月了！怀孕后小便也不正常，经常感觉小便上面像吐的口水，有些小泡沫很难消失！空腹15个小时做了微量白蛋白，结果是13.98，参考是30，比值是6.98，参考也是30！最近这两天血糖又疯了，餐后1小时到9的情况都有！检查出得了盆腔炎，真是祸不单行啊！请问我怀孕后是不是一定变成糖尿病啊，因为我血糖孕前就异常了！如果我怀孕3个月后就打针可以一直维持糖前吗谢谢各位,300
447305,4689528,1,2015/2/16 15:18,107103,"我觉得是不是吃多了点,这蛋白量大了好象,所以导致高了不少",28
448530,4691976,1,2015/2/17 11:21,322833,准备换长效胰岛素，来得时换成长秀霖，有更换过的友们介绍注意情况，可取吗现在来得时晚10打14单位，长秀霖需要减还是加。,60
449080,4693611,1,2015/2/18 8:05,107103,什么原因呀有点闹心了......,16
368154,3765408,1,2014/1/17 11:35,120316,真心的请当了妈妈的DM朋友说说你们给自己的孩子是母乳喂养还是混合喂养还是奶粉啊我奶水不足只能混合，但是听说母乳喂养能降低得这个破病的风险，我满心的愧疚。有妈妈说说自己的情况吗,98
372526,3858125,1,2014/2/26 13:33,125922,停药后血糖还算稳定，最近抽时间查了个C酞3两馒头餐（折后2两干面），吃完后丝毫不运动，就坐着等抽血，平时裸奔血糖一直还不错，一直是正常内，检查那天血糖确实不给力，不知道是否和头天晚上吃很多肉有关系餐前：胰岛素16.39，C肽3.55，血糖7.1餐后半小时：胰岛素29.78，C肽4.51，血糖7.6餐后一小时：胰岛素96.75，C肽8.17，血糖12.1餐后二小时：胰岛素127.30，C肽12.09，血糖9.0餐后三小时：胰岛素80.98，C肽9.77，血糖7.4,259
374919,3911057,1,2014/3/15 13:49,226635,一项长期的研究表明，患有妊娠期糖尿病的孕妇，在以后的生活中，可能会增加罹患心脏病的风险。妊娠糖尿病只出现在怀孕期间或者孕期结束后一般会消失。然而，它已被证实可以增加女性在未来患2型糖尿病的风险。这项新研究发现，妊娠期糖尿病也会增加女性在中年患心脏病的风险，这种风险通常出现在她们患糖尿病或代谢综合征之前，代谢综合征是指多种可以增加心脏病风险的症状和情况。该研究包括了美国近900名年龄在18岁到30岁之间的女性，这些女性都经历过一个或多个孕期，研究人员在20年间对这些女性的随访中发现，有13%的女性患有妊娠期糖尿病。研究人员在这些女性怀孕12年后检查她们颈动脉的厚度，也就是当她们38岁至50岁时。增厚的颈动脉——称为动脉粥样硬化——是心脏病的前兆之一。那些在20年的随访中没有患糖尿病或代谢综合征的女性中，曾经患有妊娠糖尿病的女性的颈动脉厚度，比那些没有患病的女性大得多。研究报告刊登在3月12日的《美国心脏协会杂志》上。“这一发现表明妊娠期糖尿病的历史可能会影响早期动脉粥样硬化的发展，在她们患糖尿病和代谢疾病之前，”加利福尼亚州北部的资深研究科学家，该研究的主要作者艾瑞克·甘德森，在杂志的新闻发布会上说。“妊娠糖尿病可能是早期女性患心脏病的风险因素，”她说。研究发现妊娠糖尿病与心脏病风险之间的关联。但尚未证明两者之间存在因果关系。,605
375366,3920722,1,2014/3/18 19:51,60295,家里老人一直希望我能怀孕生个孩子，每次看见论坛里的各位糖妈妈们都有了可爱的宝宝。好羡慕啥时候自己能有个孩子，再没有估计婆婆都要劝她儿子和我离啦哎~~~~~,89
376548,3943328,1,2014/3/27 13:59,229852,我是从去年11月份确认的2型，前段时间医生说我控制的不错，可以考虑怀孕，请教一下想要准备怀孕，孕前检查什么去检查的时是不是得和医生说自己是糖尿病人呢,75
379656,3999870,1,2014/4/19 21:01,303855,我是2型早16晚6单位诺和50，中午不打胰岛素13点50吃了16个韭菜盒豆腐饺子，称了熟饺子是半斤的量餐后3点50测血糖是7.5，中间一小时运动是在房间模拟跳绳5分钟，俯卧撑20个原地跑了几分钟晚餐吃饭时间是6点40多，一小时后走了2里多路户外运动8点53分测血糖是5.3,142
380783,4020069,1,2014/4/28 13:44,5637,妊娠期体重增加20%以上是一种正常的生理现象。分娩后，母体恢复正常体重的调节能力可被生活方式等诸多因素破坏，包括缺乏锻炼、戒烟和睡眠时间有限。因此，妊娠和产后体重滞留可明显改变妇女长期体重增加模式。实际上，与妊娠期增加的体重相比，产后1年体重能更好的预测女性15年后超重可能性。女性产后体重滞留的累积效应可能会导致心脏代谢疾病风险增加。但是，由于缺少评估产前/产后体重变化与心血管/代谢危险因素关系的研究资料，几乎没直接的证据支持这一假设。针对这个问题，来自加拿大西奈山医院的Kew等进行了一项研究，试图评价产后第一年体重变化的心脏代谢含义，以及它的时间效应。研究结果发表在近期的DiabetesCare上。研究人员对妊娠期招募的305名妇女妊娠期、产后3月和12月的心脏代谢特征进行评估。根据孕前与产后3月体重变化比较，以及产后3月与12月体重变化比较情况（体重减轻或增加），将参与者分为4组：体重减轻/体重减轻，体重增加/体重减轻，体重减轻/体重增加，体重增加/体重增加。结果显示，与孕前相比，大多数女性（81.0%）产后3月体重增加；而产后3-12月间，大多数女性（74.4%）体重减轻。产后3月时，各组经校正的LDL胆固醇和载脂蛋白-B（apoB）均值略有差别，但是校正后的血压、空腹和2h血糖、HDL、甘油三酯、稳态模型评估的胰岛素抵抗指数（HOMA-IR）、乙二腈和C-反应蛋白没有显著性差异。但是产后12月时，上述指标出现明显的梯度变化，从体重均减轻组到体重减轻/体重增加再到体重均增加组，校正后的舒张压、HOMA-IR、LDL和apoB逐渐升高。同样地，校正后的乙二腈均值在不同组间逐渐降低。结果表明，分娩后3-12月体重没有明显下降的女性最早在产后1年就会出现不良心脏代谢特征。提示产后3-12月是一个关键的时期，期间医生和患者都应注意，体重控制对于女性长期代谢和心血管疾病都可能具有重要作用。,828
381939,4039275,1,2014/5/7 21:47,314205,我2010年住院切了右边的卵巢加人流术（卵巢长了个包块病检出来是卵巢交界性浆液性乳头状囊腺瘤，人流是手术病检出来是部分性葡萄胎）之后一直为孕，就在今年2014年3月31日我复查的日子（本来想这次复查完了就去排队做试管了是），抽血结果超出了正常范围，B超先生左侧卵巢也长了个包块，4月2日我回到当地医院住院准备第二次手术，第二天医生告诉我，我的血糖很高，让我去内分泌会诊医生确诊我是2型糖尿病，当时我天都要塌了，我在27岁怎么那么年轻就有糖尿病，医生说我肥胖引起的。空腹血糖9.94餐后2小时11.4918.4511.51空腹胰岛素10.85糖化血红蛋白11.3%妇科医生让血糖降下来了才让手术（医生让打胰岛素每次8个单位一天三次，餐后血糖正常了但是空腹血糖还是高，然后又加到8-8-10空腹总算降下来了），等到了4月8日才让我手术，唯一欣慰的就是这次手术病检出来是良性的，出院时医生让我快点生孩子。在医生说我的糖尿病后每天每天的在哭，想我自己已经经历了那么多痛苦了，还让我得这个病，还想过自杀，害怕以后要是不能生了怎么办，害怕我老公离开我，就这我住院这几天，我老公的不离不弃，我的信心又回来了，我努力减肥努力把血糖控制好，然后去试管，在手术后，我有一天中午只吃了一点点米饭血糖就到12.5，晚上也吃了几口血糖就到12，从那天知道一吃米饭血糖就升高了，我就在也没吃米饭包括所有含有高淀粉的食物，我住院的时候体重186斤，到现在已经瘦了17斤了。出院的时候我的内分泌会诊，医生说让我开始打胰岛素，我不想打，我害怕。医生就让我先吃药，每天二甲双胍肠溶片*2+伏格列波糖分散片*1吃了20天有两次出现低血糖的现象，5月4日去医院查空腹血糖4.5，医生就给我换药了二甲双瓜缓释片*1+伏格列波糖分散片*1也开了20天，我自己也买了个血糖仪测餐后血糖5.4现在我要努力瘦下来，到时候去试管，努力的生个健康的孩子，给我最爱的老公一个完整的家。,839
384065,4073925,1,2014/5/23 19:54,81633,请姐妹们帮助我...如果我停格华止1个月就要宝宝.可以吗....,34
384453,4080440,1,2014/5/27 10:03,70654,我想请教各位生过孩子的1型糖妈妈们，准备怀孕期间可以吃叶酸吗会不会影响血糖呢，我现在是带着胰岛素泵的，还有如果怀孕了要注意哪些方面希望生过的糖妈妈们多多指教啊，给点意见吧！在此谢谢大家啦！,96
392010,4192041,1,2014/7/18 14:33,248021,我是用的速效胰岛素诺和锐，以前没测过餐后一小时，这几天测了几次，发现每次餐后一个小时都比两个小时要低，甚至比餐前也要低，这是怎么回事,67
392051,4192504,1,2014/7/18 17:18,5637,"来自香港中文大学、四川大学等处的研究人员证实，在胰岛β细胞中囊性纤维化跨膜转运调节因子（cysticfibrosistransmembraneconductanceregulator,CFTR）蛋白调控了葡萄糖诱导的电活动和胰岛素分泌。这一研究发现发表在7月15日的《自然通讯》（NatureCommunications）杂志上。文章的通讯作者是香港中文大学的陈小章（HsiaoChangChan）教授。陈小章教授一直从事人类生育相关的上皮细胞生物学研究，曾发表有关控制生育分子机制和不育成因等多个重要研究发现，为此获得过2次国家自然科学奖和2007年长江学者成就奖。糖尿病是由于胰岛素分泌不足（1型糖尿病）或胰岛素耐受（2型糖尿病）所引起的一种慢性代谢性疾病，全球约有300多万人受累于这一疾病。在2型糖尿病中，胰岛素抵抗之外还常伴有胰岛素分泌不足及胰岛β细胞受损。尽管人们通常将胰岛素不足视作是自身免疫损伤β细胞的结果，很高比例糖尿病患者却显示自身抗体阴性，对于这些患者出现胰岛素不足的原因仍然不清楚。CFTR是一种cAMP激活的ATP门控性氯离子通道，属于ABC大家族中的一个成员，CFTR在所有与分泌和吸收有关组织的上皮细胞顶膜上表达。对于跨上皮细胞的盐类运输、液体流动和离子浓度调节等具有重要的决定作用。此外，CFTR还在血管平滑肌上表达，对机体的血压调节具有重要的意义。CFTR蛋白活性与许多病理生理现象密切相关，CFTR功能障碍可导致遗传性疾病囊性纤维化，还与慢性特发性胰腺炎、干眼病等密切相关。CFTR活性过高还可导致多囊肾病、分泌型腹泻等疾病。囊性纤维化是一种致命的常染色体隐性疾病，主要临床症状为慢性梗阻性肺部病变，其是由于CFTR基因突变所造成。高达50%的成年纤维化患者会形成囊性纤维化相关的糖尿病（CFRD）,且大部分患者显示胰岛素不足。尽管尚不清楚确切的原因，CFTR缺陷导致胰管梗阻，继发胰岛破坏长期以来被视作是潜在的病因。有趣的是，有研究报道胰岛中也有CFTR表达，但对于它在胰岛功能中所起的作用却了解甚少。在这篇文章中，研究人员证实CFTR是β细胞中葡萄糖依赖性的电活动以及胰岛素分泌的一个调控因子。他们证实，在原代小鼠β细胞或RINm5Fβ细胞系中抑制CFTR或是利用抑制剂，可以破坏或是减少葡萄糖引发的全细胞电流、膜去极化、电脉冲（动作电位）、Ca2+振荡及胰岛素分泌。相比于野生型小鼠，CFTR突变（DF508）小鼠葡萄糖诱导的电活动和胰岛素分泌也显著减少。利用DF508突变矫正剂VX-809，研究人员成功挽救了DF508β细胞中的缺陷。这些研究结果揭示出了CFTR对β细胞中葡萄糖诱导的电活动以及胰岛素分泌起重要作用，为深入了解囊性纤维化相关的糖尿病以及其他一些特发性糖尿病的发病机制指明了新方向，并为这些糖尿病类型提供了一个新型的潜在治疗策略。陈小章教授简介：于1983年从美国伊利诺大学香槟分校获得生物工程学理学学士，其后于1988年取得生物物理学哲学博士学位。毕业后，陈教授于芝加哥大学担任博士后研究员，并于1993年加入香港中文大学任助理教授。2006年，陈教授晋升为生理学讲座教授。陈小章教授出任多个国际学术期刊编辑委员会委员，并为内地超过14所大学及研究机构担任座客教授。另外，陈教授也为多个国际基金会，包括世界卫生组织、美国国家科学基金会、中国国家自然科学基金会及英国、德国、意大利等国的各种基金会，评审研究课题。陈教授在上皮细胞生物学方面的贡献，为她带来多个重要荣誉，包括国家自然科学奖四等奖（1997）、国家自然科学基金会杰出青年研究奖（2000）、裘槎基金会“优秀科研者奖”（2007-2008），以及“长江学者成就奖”的“生命科学奖”（2007）。原文摘要：Glucose-inducedelectricalactivitiesandinsulinsecretioninpancreaticisletβ-cellsaremodulatedbyCFTRThecauseofinsulininsufficiencyremainsunknowninmanydiabeticcases.Upto50%adultpatientswithcysticfibrosis(CF),adiseasecausedbymutationsinthegeneencodingtheCFtransmembraneconductanceregulator(CFTR),developCF-relateddiabetes(CFRD)withmostpatientsexhibitinginsulininsufficiency.HereweshowthatCFTRisaregulatorofglucose-dependentelectricalacitivitiesandinsulinsecretioninβ-cells.Wedemonstratethatglucoseelicitedwhole-cellcurrents,membranedepolarization,electricalburstsoractionpotentials,Ca2+oscillationsandinsulinsecretionareabolishedorreducedbyinhibitorsorknockdownofCFTRinprimarymouseβ-cellsorRINm5Fβ-cellline,orsignificantlyattenuatedinCFTRmutant(DF508)micecomparedwithwild-typemice.VX-809,anewlydiscoveredcorrectorofDF508mutation,successfullyrescuesthedefectsinDF508β-cells.OurresultsrevealaroleofCFTRinglucose-inducedelectricalactivitiesandinsulinsecretioninβ-cells,shedlightonthepathogenesisofCFRDandpossiblyotheridiopathicdiabetes,andpresentapotentialtreatmentstrategy.转自《生物通》",2852
392344,4197198,1,2014/7/21 12:44,19990,作者：卫生部北京医院内分泌科郭立新胰岛素是人体内唯一降低血糖的激素。对于胰岛素分泌或作用缺陷的糖尿病患者，外源性胰岛素对于其血糖控制和并发症防治具有重要作用。随着胰岛素制剂的不断发展和临床应用范围的日益扩大，胰岛素治疗在临床获益的同时伴随着治疗风险的出现，胰岛素使用时机的选择、剂型剂量的确定以及胰岛素使用所带来的相关问题正在引起人们的关注。胰岛素的发展历程20世纪20年代多伦多总医院开启了人类糖尿病胰岛素治疗的时代。早期胰岛素从动物胰腺中提取，易产生过敏反应、耐药、高血糖和低血糖反复发生以及注射部位皮下脂肪萎缩或增生，并且不同批次间效价变异大。随着基因重组技术的发展，人胰岛素成功应用于临床，通过在胰岛素制剂配方中加锌离子或使之与鱼精蛋白结合，可以显著延长胰岛素的吸收和作用时间，以作为基础胰岛素使用。但短效胰岛素与长效胰岛素均存在缺陷，不能很好地模拟生理性胰岛素分泌。通过基因工程或其他分子生物学方法，对胰岛素分子进行修饰，可得到生物活性和免疫原性基本相同、符合临床需要的超长效或超短效的胰岛素类似物。由胰岛素类似物构建的基础-餐时胰岛素治疗方案更有利于血糖的平稳控制。胰岛素临床应用1型糖尿病（T1DM）患者必须给予外源性胰岛素治疗来补充自身胰岛素缺乏。2012年美国糖尿病协会（ADA）建议T1DM的治疗使用多次胰岛素注射（MDI，每天4次基础-餐时胰岛素注射）或持续皮下胰岛素输注（CSII）治疗。CSII是目前T1DM的理想治疗手段，与MDI相比，CSII可以明显改善血糖控制，减少血糖波动，延缓和减轻并发症的发生发展，提高患者的生活质量。Meta分析显示，CSII较MDI更能降低患者糖化血红蛋白（HbA1c）水平并减少胰岛素的用量，对青少年和成人T1DM患者均显示相同的效果。由于CSII价格昂贵，受医疗条件、医疗支持等诸多限制，在很多国家和地区依然是MDI占主导地位。基于2型糖尿病（T2DM）病理特点，2012ADA糖尿病学会/欧洲糖尿病研究协会（EASD）明确指出，β细胞功能渐进性衰退是T2DM的特征之一，胰岛素补充替代治疗对于长病程的T2DM患者至关重要。我国2013版T2DM防治指南也明确指出，T2DM患者由于口服降糖药的失效或存在口服药使用的禁忌证时，仍需要使用胰岛素控制高血糖，以消除糖尿病的高血糖症状和减少糖尿病并发症发生的危险。胰岛素治疗作为目前T2DM有效的治疗方式得到了国内外多个糖尿病指南和共识的充分肯定。《中国2型糖尿病防治指南（2013年版）》推荐二甲双胍作为T2DM的一线治疗。考虑到降糖疗效、良好的耐受性、安全性、成本较低等因素，在没有禁忌证的情况下，二甲双胍是糖尿病患者优先的选择。当单独应用二甲双胍不足以达到满意的血糖水平，则需要联合另一种药物。目前认为T2DM开始胰岛素治疗的合适时机是患者应用两种或三种口服降糖药物不能达标，以酮症起病或临床症状明显，血糖或HbA1c水平明显增高。口服降糖药物联合基础胰岛素或预混胰岛素都是中国指南的推荐。二甲双胍联合胰岛素可以减少体重增加、减少胰岛素的剂量，并且降低大剂量胰岛素带来的“致癌风险”。与二肽基肽酶Ⅳ（DPP-4）抑制剂和胰高血糖素样肽1（GLP-1）受体激动剂联合也可以有效降低胰岛素的剂量和遏制体重增加。磺脲类药物联合胰岛素治疗会增加低血糖的风险。噻唑烷二酮类药物联合胰岛素治疗则会提高心力衰竭的风险，因此一般不予推荐。对于使用基础一餐时胰岛素治疗的患者，除了MDI外另一种选择是CSII。这种治疗方法在T2DM中的应用仍存在质疑。事实上，至今没有证据证明CSII比MDI能更好地改善T2DM血糖控制。未来仍需要进一步研究来探索CSII对T2DM的治疗效果。对于在饮食和运动治疗后血糖仍未达标的妊娠期糖尿病（GDM）患者，胰岛素仍是目前大多数指南推荐的唯一治疗方法。常用的胰岛素制剂包括：速效人胰岛素类似物、短效胰岛素、中效胰岛素（NPH）和长效胰岛素。近几年来备受关注的速效人胰岛素类似物（赖脯、门冬胰岛素）起效迅速、作用时间短、低血糖发生率低，而且不增加妊娠期并发症和新生儿低血糖、先天畸形等不良妊娠结局的发生率，已经被批准用于GDM的治疗。通过研究NPH与甘精胰岛素治疗GDM发现，NPH治疗组患者先兆子痫、蛋白尿和低血糖的发生率均高于甘精胰岛素治疗组，且NPH治疗组中出现新生儿Apgar评分低、黄疸和先天畸形等情况更多。另一项Meta分析显示，甘精胰岛素对孕妇和胎儿并未造成不良影响，可以作为GDM治疗中基础胰岛素的一种选择。胰岛素应用的问题与困惑低血糖、体重增加、过敏反应、皮下脂肪营养不良等是困扰胰岛素应用的常见问题。在生物安全性方面，已知胰岛素是胰岛素样生长因子1（IGF-1）受体的弱激动剂。IGF-1对细胞的增殖有显著影响。当IGF-1受体过度表达和同时存在高胰岛素血症时，胰岛素对IGF-1受体的影响会更加明显。胰岛素同时还通过对胰岛素受体亚型A（IR-A）作用刺激细胞生长。对胰岛素受体亚型B（IR-B）胰岛素受体亚型的作用也会刺激细胞增殖。胰岛素与其受体结合才能发挥其生物学效应，这意味着目前尚无法将胰岛素的降低血糖作用与生长促进作用完全分离。流行病学研究表明，在T2DM患者中接受胰岛素治疗者恶性肿瘤的发病率较高。实验发现胰岛素在体外培养中对细胞生长的刺激作用与剂量有关，高剂量的胰岛素可以促进至少某种类型恶性肿瘤的发病。所以确定多大剂量的胰岛素可以增加致癌风险非常必要。不同的研究基于胰岛素剂量及胰岛素治疗的持续时间对其致癌风险进行了相关研究。但所有这些流行病学研究均不能除外应用胰岛素治疗的患者同时存在其他增加致癌风险的因素。甘精胰岛素初始干预转归试验（ORIGIN）在对使用相对小剂量胰岛素（平均每天<0.35U/kg）的新发T2DM患者为期6年的随访中，没有发现不同治疗组间恶性肿瘤发生率的统计学差异。由于糖尿病和癌症的危险因素（例如年龄、肥胖等）和病理生理机制（例如高胰岛素血症、高血糖、炎症状态等）重叠，这种潜在的关联很可能导致流行病学研究高估了胰岛素治疗对肿瘤发生率的影响，因此不能因为迄今不能明确是否存在胰岛素的致癌风险而放弃胰岛素治疗。研究发现，T2DM患者中接受胰岛素治疗者心血管疾病的发生率更高。控制糖尿病心血管危险行动试验（ACCORD）发现强化胰岛素治疗会增加心血管疾病死亡率。这促使一些学者建议慎用胰岛素治疗。但是多数观察性研究中，采用胰岛素治疗的患者往往合并一些死亡率较高、预后较差的疾病，这些合并疾病无法用统计调整完全校正，因此影响最后的结论。而且，ACCORD研究中发现的死亡率增加可能与严重低血糖的发生率高有关，而不是胰岛素对心血管的负性作用所引起。另外在对心肌梗死患者进行的随机试验中发现，与胰岛素强化治疗相关的心血管致病率和死亡率是显著下降的，这可能是由于血糖控制改善从而降低了心血管事件的发生率和死亡率。许多试验证实胰岛素没有任何特定的心血管保护作用。DIGAMI-2试验发现，胰岛素强化治疗与常规治疗相比，对于T2DM合并心肌梗死的治疗并没有显示出任何优势。同样，T2DM分流血管成形术血运重建调查试验（BARI-2D）发现，胰岛素对缺血性心脏病患者再发心血管事件的预防作用不优于胰岛素增敏剂。最近，ORIGIN试验表明，对于新发T2DM患者，基础胰岛素治疗并不比口服降糖药物减少心血管疾病的致病率和死亡率。因此，胰岛素在早期的试验中观察到的心血管保护作用可能是通过改善血糖水平得到的，而不是胰岛素的特定心血管保护作用。T2DM的病理特点之一是β细胞进行性减少和功能减退，最终导致血糖控制的恶化。通过一些小型试验的结果，人们假设在糖尿病的自然病程的早期，胰岛素治疗可以保护β细胞分泌胰岛素的能力。ORIGIN试验表明，对于糖耐量受损和（或）空腹血糖受损的患者，甘精胰岛素可使糖尿病的患病率下降约30%；这一结果与二甲双胍和阿卡波糖的观察结果是相似的，但稍逊于噻唑烷二酮或生活方式干预的观察结果。上述研究提示胰岛素似乎并没有独立的β细胞保护作用。因此，胰岛素虽然是治疗T2DM的有效方法，但无法期待胰岛素治疗能够改变T2DMβ细胞进行性的数量减少和功能减退的过程。展望要优化T2DM患者的血糖控制，胰岛素替代和补充必须尽可能模拟胰岛素正常的生理过程。虽然过去的几十年胰岛素制剂在不断改良，但目前外源性胰岛素制剂的效果仍未达到理想的水平。目前广泛应用的长效胰岛素类似物药效持续时间不足以保证所有患者都能得到24h以上充足的基础胰岛素供应。此外，尽管这些制剂的重现性有所改善，但胰岛素水平在同一个体不同时间存在波动也可能导致低血糖发作。更长效的胰岛素（如德谷胰岛素）可达到超长的作用时间。德谷胰岛素每日1次使用与甘精胰岛素相比，在相似的血糖控制情况下能够减少整体和夜间低血糖的发生。另一类长效胰岛素类似物是用聚乙二醇（PEG）共轭胰岛素，已被证实与甘精胰岛素具有相似的疗效，但作用时间更长、低血糖风险更小、体重增加更少。为了达到最佳的餐后血糖目标，新的超速效胰岛素制剂正在进行临床试验。最近研究表明，新型胰岛素制剂起效快、达峰时间短，并且能降低代谢活动的个体间变异性。患者拒绝皮下注射是目前胰岛素治疗的主要障碍之一。寻找可以替代传统的皮下注射的新型胰岛素制剂以减少给药方式的缺陷，改进目前的注射系统，或使用方便、非侵入性的胰岛素能够提高患者的接受度。降低疼痛感和减少皮肤损伤对于糖尿病治疗依从性的提高有重要意义。未来胰岛素新型给药系统研究开发的重点是提高其安全性、生物利用度、载药量、剂量准确性和重现性。结语胰岛素是第一个有效治疗糖尿病的药物。尽管新型降糖药物不断出现，但现阶段胰岛素在血糖控制方面仍具有不可替代的地位。在过去20年中，对胰岛素新型制剂不断研发和给药手段不断完善，使胰岛素治疗的安全性和有效性有了很大的提高。随着相关研究的深入，未来胰岛素治疗将会更加有效、简单、安全，然而临床上最需要关注的依然是患者和时机的选择以及应用胰岛素的个体如何更多获益。（来源：中华糖尿病杂志2014年5月第6卷第5期）,4455
392426,4198373,1,2014/7/21 21:36,19990,作者：北京中日友好医院内分泌科李光伟2型糖尿病是一个慢性进展性疾病，β细胞功能障碍和胰岛素抵抗是其发病的主要病理生理基础。细胞功能障碍表现为β细胞分泌胰岛素的节律、质量和数量异常，并且具有发生早、进行性恶化的特点。糖尿病的β细胞功能损害一直是全球糖尿病学界关注的焦点。耗资无数的全基因组关联研究（genome-wideassociationstudies，GWAS）所找到的与糖尿病相关的基因多数与胰岛功能而不是与胰岛素抵抗有关。1998年，著名的英国糖尿病前瞻性研究（UKPDS）发现β细胞功能可能在糖尿病诊断前10~12年开始减退，提出10~122型糖尿病在初诊时β细胞就只剩下正常人的一半。其研究结果显示，随着病程进展，β细胞功能将以每年4.5%的速度下滑，及至12年后胰岛功能趋近为零，看来β细胞真是“日暮途穷”了。然而，近年来的临床实践和新的研究结果发现，原来需要胰岛素治疗的2型糖尿病患者接受胃的减容手术治疗后，在体重尚无下降的情况下不用降血糖药物血糖可达到正常，胰岛素分泌曲线形态接近正常人。另一些研究也证实，初诊时血糖十几毫摩尔的糖尿病患者，经过仅仅数周的胰岛素强化治疗可以出现长达数月至数年不用任何降血糖药物血糖也可维持正常，这点燃了人们的期望！2型糖尿病患者在特定的条件下，其受损的β细胞功能是有可能逆转的。一、胃的减容手术逆转2型糖尿病引发思考：β细胞损害可否逆转最近，著名的《临床内分泌和代谢杂志》（JCEM）披露在一项新近完成的研究中，9例肥胖2型糖尿病患者接受Roux-en-Y胃旁路手术1周后空腹血糖达正常水平，胰岛素分泌形态和数量也恢复正常。另32例有肥胖症的2型糖尿病患者在接受同类手术治疗后45d及术后1年，分别有9例（28%）和25例（78%）糖尿病缓解，不需要药物治疗HbA1C<6.5%。表明β细胞对葡萄糖敏感性在术后早期就得以改善。上述新发现使许多人对2型糖尿病患者β细胞功能演变疑惑不解：β细胞功能是会如UKPDS研究所揭示的随着病程进展呈线性持续下降，还是如胃的减容手术研究所报告那样可能恢复正常如果在手术后数日胰岛素分泌就恢复正常了，那么一向被认为2型糖尿病β细胞功能一路恶化的观点必将受到质疑。有人甚至发出了这样的疑问：我们以往对2型糖尿病的认识是否全错了二、纠正高糖毒性诱导蜜月期：恢复受损的β细胞功能近年来基础研究的发现完全支持上述临床所见。人们认识到β细胞是长寿细胞，其功能衰竭要经历很长的时期。过去我们对β细胞功能受损程度的估计更甚于对β细胞数量减少的估计。β细胞的衰竭受多重因素如糖毒性、脂毒性、年龄和胰岛素抵抗的影响。让（被高血糖麻醉了但并未死去的）β细胞（在血糖正常的环境中）休（养生）息可使其胰岛素分泌功能恢复。这一点在纠正高血糖毒性后表现得极为突出，人们看到原来受损的β细胞胰岛素分泌功能得到极大的改善，甚至恢复了第一时相胰岛素分泌功能。因为这一时相胰岛素分泌在糖耐量受损（IGT）晚期口服葡萄糖耐量试验（OGTT）糖负荷后血糖达到10mmol/L或空腹血糖接近6.7mmol/L时就已经消失，所以它的再现意味着餐后血糖不会达到糖尿病的水平。早在2006年3月，中国胰岛素分泌研究组就进行了“2型糖尿病早期胰岛素强化治疗改善β细胞功能——是现实还是梦想”的讨论。同年6月美国糖尿病学会有一个会场专门讨论早期胰岛素治疗对β细胞功能的影响，探讨了短期胰岛素强化治疗可以恢复β细胞功能。我们的一项探索性研究，纳入10例血糖严重升高（空腹血糖≥11.1mmol/L）的新诊断2型糖尿病患者，他们从未使用口服降糖药或胰岛素治疗且在治疗前急性胰岛素分泌功能已经消失。经2周胰岛素泵强化治疗使血糖正常后，10例中有8例中原来已经消失的第一时相胰岛素分泌再度出现，表明短期胰岛素泵强化治疗使血糖“正常化”，可大大改善胰岛细胞功能。这一结果最近在一项134例患者随访长达2年的同类研究中得到证实。非肥胖65例和肥胖69例患者经胰岛素泵强化治疗2周后第一时相胰岛素分泌再现，6、12及24个月病情缓解率分别为58%、50%和32%（未发表资料）。翁建平教授2004年曾报告382例新诊断2型糖尿病患者随机分为胰岛素泵、多次胰岛素注射及口服降糖药（大多联用格列齐特及二甲双胍）进行强化血糖控制治疗，疗程2~5周，血糖达标者分别为97%、95%及84%，随访至1年，血糖保持正常者分别为51%、45%及27%，说明口服降糖药也有一定效果。韩国一项研究走得更远，发现2型糖尿病病程不超过5年者获得16个月蜜月期的机会也达到50%，病程逾5年但不超过16年者也有20%的人获得了蜜月期。这些研究结果表明短期胰岛素强化治疗恢复β细胞功能不再是梦想，也不是个别现象，而是普遍存在的现实，只是在很长的时间里未被认识或被忽视。许多人相信2型糖尿病患者的β细胞功能并非如此前我们认识的那样悲观，从而燃起了追回逝去的β细胞功能的热情。三、恢复β细胞功能诱导出2型糖尿病“蜜月期”并非胰岛素独有其实，对β细胞功能持乐观看法的早有人在。DeFronzo很早就在其鸿篇巨著《糖尿病学》中曾经描述“在1型糖尿病发病之初就给每日2、3次或更多次胰岛素注射数周治疗后，可使大多数儿童进入‘蜜月期’或部分缓解期”。1997年，以色列学者Cerasi研究发现，在13例新诊断2型糖尿病患者用胰岛素泵静脉注射胰岛素2周后，有9例不用任何抗糖尿病药物能维持血糖正常达9~50个月。他是创造这一疗法并将获得的结果称之为2型糖尿病的“蜜月期”的第一人。这一提法后来也为医学界许多学者接受，认为1型糖尿病和2型糖尿病之间并不像以前人们所认为的那样大的区别，在病因和临床表现上它们更像是居于一个“疾病谱”的两端，两者都有蜜月期，2型糖尿病的蜜月期可能更长。让人们感到乐观的是能诱导2型糖尿病的蜜月期的能力并非胰岛素独有。1996年就有人报告，格列本脲这个很老的磺脲药也可以在2型糖尿病诱导出“蜜月期冶。55例在未经任何药物治疗的2型糖尿病病例经格列本脲治疗后4个月时缓解率为20%。我国一项多中心研究显示，格列齐特缓释片强化治疗3个月使约60%的患者血糖达标；停药2日后复查口服葡萄糖耐量试验恢复为正常糖耐量（NGT）或糖耐量受损者占22.83%；这种强化治疗显著改善了与胰岛素分泌高峰延迟密切相关的早期时相胰岛素分泌功能[葡萄糖耐量试验中的血浆（30min胰岛素-基线胰岛素）/（30min血糖-基线血糖）]。四、β细胞功能损害的可逆性为2型糖尿病患者带来新希望高糖毒性损害β细胞对葡萄糖刺激的敏感性已经成为学界的共识。人们越来越认识到，初诊糖尿病患者高血糖笼罩下显现出的很差的β细胞功能实际上是一种假象，这种β细胞功能状态并不能反映β细胞的真实存在。消除高糖毒性也被看成是逆转β细胞功能的重要途径。2013年EASD有专家报告“分化功能丧失（dedifferentiation）而非凋亡是β细胞功能衰落的主要原因冶。高糖毒性导致的FoxO的丢失改变了β细胞的代谢灵活性（metabolicflexibility），后者正是分化功能丧失的先兆。并提出“糖尿病治疗的目的之一是恢复β细胞的分化”。β细胞功能恢复后能重新分泌足够的胰岛素并有效控制血糖有着极为重要的临床意义。因为内源性胰岛素在其代谢过程中有一半被肝脏利用和清除，这在发挥降血糖作用的同时避免了高胰岛素血症。而外源性胰岛素直接进入体循环，长期使用外源性胰岛素时高胰岛素血症是难以避免的。长期的医源性高胰岛素血症可增加致动脉粥样硬化的危险，这已经是糖尿病和心血管病专家的共识。认识β细胞功能损害的可逆性，不仅使人们看到糖尿病较为光明前景，而且为糖尿病治疗提供了充分发挥内源性胰岛素作用的机会和广阔空间。使医生和患者得以充分利用血糖依赖性和非血糖依赖性胰岛素促泌剂，安全有效地控制血糖。我们知道彻底了解β细胞功能的全貌对全世界糖尿病和心血管疾病的防治将产生不可估量的影响，也意识到这种认识将是一个漫长的过程。但是胃的减容手术和短期强化控制血糖带来糖尿病长期缓解的事实仍使我们有理由乐观地期待对β细胞功能衰退的再认识将逐步深化，2型糖尿病的治疗，与以前比较，或将出现一个较为乐观的新篇章。（文章来源：中华内分泌代谢杂志2014年6月第30卷第6期）,3572
393899,4223654,1,2014/8/2 20:22,19990,"肥胖2型糖尿病典型病例治疗思路浅析（上）作者：解放军总医院内分泌科陈一梅窦京涛1385968385498.jpg(34.72KB,下载次数:125)下载附件保存到相册2014-8-220:19上传窦京涛教授（解放军总医院内分泌科副主任）前言2型糖尿病与肥胖之间存在着密切关系，在过去十年中，全球范围内糖尿病与肥胖的患病率迅速增加。最近的统计数据表明，全世界约有14.6亿成年人超重(BMI25.0～29.9kg/m2)和5亿200万成年人肥胖(BMI≥30kg/m2)。杨文英等对国内糖尿病患病率的调查显示，当BMI＜18.5kg/m2时，糖尿病患病率为4.5%，BMI分别为18.0～24.9kg/m2、25.0～29.9kg/m2、＞30kg/m2时，患病率可高达7.6%、12.8%和18.5%，可见肥胖程度越高，其罹患糖尿病的几率就越大。我国糖尿病患病率已经高达9.7%，其中约有80%～90%是超重或肥胖患者。国内目前诊断超重和肥胖的BMI临界值分别为24kg/m2和28kg/m2，若BMI≥28kg/m2同时符合2型糖尿病的诊断标准，则称为肥胖症合并2型糖尿病。2型糖尿病和肥胖的共存使糖尿病的治疗变得更为复杂。肥胖所致的胰岛素抵抗已经给血糖达标造成了一定的困难，若治疗方式不当，使体重继续增加，胰岛素抵抗也会进一步加重，则需要相应地增加药物剂量以保持血糖稳定，从而导致恶性循环，对患者的治疗依从性也产生了不利的影响。因此，对于肥胖症合并2型糖尿病患者来说，如何能使血糖达标以避免大血管及微血管并发症的发生，同时有效降低体重，并且减少与肥胖相关的高血压、冠心病、高血脂、卒中及某些肿瘤的发生，是临床工作中必须解决的问题。本文将通过4个案例对肥胖2型糖尿病患者的治疗加以探讨。病例1病史摘要王XX，男，59岁，糖尿病史20年，饮食未控制，未进行体育运动来控制血糖，皮下注射精蛋白生物合成人胰岛素30R联合二甲双胍治疗13年，胰岛素用量达早44IU、晚34IU，测得空腹血糖9.0～12.0mmol/L，餐后血糖15.0～17.0mmol/L，使用胰岛素治疗以来体重增加10kg。查体：身高176cm，体重95.9kg，BMI31kg/m2，腰围115cm，臀围110cm。肥胖体型，心、肺、腹未见明显异常，双下肢无浮肿，足背动脉搏动正常。实验室检查：全血糖化血红蛋白9.1%、糖化白蛋白19.73%。讨论该患者的特点，一是糖尿病史较长，一直未进行饮食控制及体育锻炼控制血糖；二是胰岛素的用量大，但血糖却控制不佳。胰岛素具有增加体重的作用，而患者同时又是肥胖患者，因此减少胰岛素用量对防止体重继续增加至关重要。《中国2型糖尿病防治指南》指出，生活方式干预是2型糖尿病的基础治疗，应该贯穿于糖尿病治疗的始终。而目前也有众多的研究验证了生活方式干预对2型糖尿病治疗的显著效果。LOOKAHEAD研究是一项关于强化生活方式干预对肥胖或超重的2型糖尿病患者长期健康影响的临床试验，该研究选取了5145名年龄45～76岁的超重或肥胖的2型糖尿病患者，并随机分为两组，分别接受强化生活方式干预(intensivelifestyleintervention，ILI)、一般的糖尿病治疗及教育(diabetessupportandeducation，DSE)，1年后的调查结果显示，严格的生活方式干预组体重降低了8.6%，而对照组仅仅降低了0.7%，与之相对应的是，严格控制组的HbA1c水平也显著低于对照组；4年后ILI组平均体重下降4.7%，而DSE组仅下降1.1%，这项研究证实了超重或肥胖的2型糖尿病患者可从生活方式干预中获益。Aas认为对口服药降糖效果不好的糖尿病患者来说，强化生活方式干预具有和胰岛素相同的功效，同时也可以控制体重。在饮食控制方面，营养结构的改变已被证明具有改善血糖控制和降低心血管疾病的作用。低碳水化合物、低脂饮食有利于纠正胰岛素抵抗和控制体重。2010年LOADD(LifestyleOverandAboveDrugsinDiabetes)研究[给予78例超重或肥胖的2型糖尿病患者强化饮食干预6月后，干预组的HbA1c与对照组相差0.4%(95%CI-0.7%～0.1%，P=0.007)，BMI相差0.5kg/m2(95%CI-0.9～0.1，P=0.026)。最近一项研究显示，每天给予BMI＞40kg/m2的2型糖尿病患者400kcal的热量，同时停用其降糖药物，一周后体重可下降3.58±0.60kg(P=0.0000045)，空腹血糖也显著降低(P=0.044)。指南和众多研究都显示了生活方式干预在控制体重及血糖上的显著作用，针对该患者从未注重生活方式干预的特点，入院后对其进行专门的糖尿病教育，制定饮食计划，严格控制饮食并进行体育运动。住院6d后，其胰岛素用量较前减少28IU，血糖控制在空腹6.2mmol/L，餐后6.9～7.9mmol/L，随访4个月，胰岛素用量为早25IU、晚20IU，血糖稳定，体重下降5kg。病例2病史摘要梁XX，男，54岁，糖尿病史8年，曾短期服用“消渴丸”5～6粒tid，近7年因血糖控制不佳开始使用胰岛素，用量为38IU/d，使用胰岛素后其体重增加15kg，血糖控制不佳。查体：身高169cm，体重94.3kg，BMI为33kg/m2，腰围112cm，臀围115cm。肥胖体型，粗测视力下降，心浊音界向左扩大，心率60次/分，律齐，第一心音低钝，各瓣膜听诊区未闻及病理性杂音，肺腹未见明显异常，双下肢无水肿，双侧足背动脉搏动可触及。入院后查：全糖化血红蛋白9%，空腹血糖9.41mmol/L，餐后2h血糖12.31mmol/L，空腹C肽2.17ng/ml，餐后2hC肽3.22ng/ml。讨论针对口服药物效果不佳的患者起始胰岛素治疗的原则，2011年《美国临床内分泌医师协会(AACE)指南》推荐，2型糖尿病患者当联合口服降糖药物不能达到降糖目标；或者不管是否在使用药物进行治疗，HbA1c水平在9%以上；及存在有症状的高血糖，应开始胰岛素治疗。2010年《中国2型糖尿病防治指南》建议，2型糖尿病患者在生活方式和口服降糖药联合治疗基础上，一般经过较大剂量多种口服药联合治疗后HbA1c仍大于7.0%时，可考虑启动胰岛素治疗。该患者糖尿病病史相对较短，在治疗时可使用胰岛素强化治疗缓解高血糖，待血糖稳定后，若胰岛功能尚可，应改为口服降糖药治疗。而该患者在治疗早期就持续使用胰岛素治疗，在治疗过程中，体重有增加趋势，考虑其胰岛素持续应用方案不合理。该患者体型肥胖，若继续使用胰岛素可能导致体重进一步增加，使血糖控制难度加大，因此需考虑其是否可停用胰岛素。我们的经验是：对于糖尿病病史较短(＜10年)、血糖控制平稳时胰岛素用量＜40IU、胰岛功能尚可、体型超重或肥胖的患者，可考虑停用胰岛素，改为口服降糖药物治疗。在选用口服降糖药物时，也应尽可能选用可降低体重的药物。二甲双胍为2010年《2型糖尿病防治指南》推荐治疗糖尿病的一线用药。二甲双胍可缓解高胰岛素血症，减少胰岛素原，避免由此引发的体重增加，对治疗肥胖2型糖尿病具有一定的优势。最近一项研究表明，二甲双胍可以在胃肠激素存在的情况下，抑制摄食，促进餐后血糖下降，减少日摄入总热量，从而实现减重效果。日本的一项前瞻性研究显示，对初发2型糖尿病患者给予二甲双胍与生活方式干预，随访观察16周，全血糖化血红蛋白从9.1±2.1%下降至6.6±0.8%(P＜0.001)，56.5%患者的HbA1c＜6.5%，体重从73.3±13.3kg下降至69.8±11.1kg(P＜0.001)。2011年一项关于二甲双胍应用于肥胖人群预防2型糖尿病的研究也证实了二甲双胍在控制体重上的作用。对于二甲双胍治疗肥胖2型糖尿病的优越性，近期发表在BMJ上的，关于二甲双胍联合胰岛素与单独使用胰岛素治疗比较研究的荟萃分析更加证实了这一点，Hemmingsen等对包含2117例受试人员的23项研究进行荟萃分析，发现二甲双胍联合应用胰岛素组的HbA1c比单独使用胰岛素降低0.5%，体重相差1kg，胰岛素用量可减少5IU/d。对该患者而言，二甲双胍为治疗方案的首选药物。但因单独使用二甲双胍无法达到血糖控制目标，可考虑联合应用胰岛素促泌剂。因此最终的治疗方案为：停用胰岛素，给予二甲双胍0.5gqid，瑞格列奈0.5mgtid降糖，监测血糖，空腹5～6mmol/L，餐后7～9mmol/L。本案例提示，治疗肥胖的2型糖尿病时，二甲双胍是首选的基础降糖药物，同时注意胰岛素的合理使用，以免产生因胰岛素不恰当使用所带来的体重增加。下接：肥胖2型糖尿病典型病例治疗思路浅析（下）",3785
567706,4896683,1,2015/4/9 9:16,326212,"2015.4.9早餐，这个季节多吃红根菠菜，基本不用农药。091553k9efi75cmfglkchi.jpg(174.1KB,下载次数:18)下载附件保存到相册2015-4-909:15上传091553nv00v00xp50400oe.jpg(161.94KB,下载次数:12)下载附件保存到相册2015-4-909:15上传带的工作餐，儿菜、黄瓜加醋，黑胡椒，放了几颗花生。三文鱼两面煎（不粘锅不用放油，鱼肉里面有油脂），芦笋也放平底锅煎，放一点点盐，一点点黑胡椒。主食是玉米面饼子。091554k9lwo3rms0swkhjp.jpg(177.03KB,下载次数:11)下载附件保存到相册2015-4-909:15上传儿菜啥样子呢QQ图片20150409093757.jpg(121.71KB,下载次数:9)下载附件保存到相册2015-4-909:38上传",429
567847,4896996,1,2015/4/9 10:40,126664,也发生了化学变化吧67克，去皮后60克。,21
568365,4898717,1,2015/4/9 18:41,321720,想吃土豆,4
568703,4899970,1,2015/4/10 8:29,326212,"辣椒炒蛤，苔菜香菇炒豆腐，隆重推荐一下苔菜，也是基本不用农药的蔬菜，每当到这里自豪感油然而生，祖国幅员辽阔，你们那里怎么称呼这个菜呀对不上号别找我哈，版主挺忙的082918e3dd0z3k54zieud4.jpg(206.78KB,下载次数:6)下载附件保存到相册2015-4-1008:29上传082919sl89oosofs32tooo.jpg(199.55KB,下载次数:8)下载附件保存到相册2015-4-1008:29上传082919fkf7norzqq5q19c7.jpg(207.14KB,下载次数:12)下载附件保存到相册2015-4-1008:29上传很多网友关心小鱼姐姐跟小鱼姐夫的营养状况，觉得我们俩几乎不吃肉，事情是这样的，我们吃肉，只是不吃自己家的，去别人家的时候都是吃急眼的",387
569147,4902086,1,2015/4/10 18:56,326212,"这就是苔菜生前的样子，是不是满意啊记得好评哟185644g7ccjjklhy5lllic.jpg(267.29KB,下载次数:0)下载附件保存到相册2015-4-1018:56上传185644a3b9538rqsagiiig.jpg(144.29KB,下载次数:0)下载附件保存到相册2015-4-1018:56上传",181
569460,4903551,1,2015/4/11 11:39,323594,请问可以吃纳豆吗看到制作纳豆需要加糖，但是又有说对血糖调节好，能不能吃呢有没有吃的呢,45
569825,4905544,1,2015/4/12 11:51,126664,我以为这是毫无疑问的。无论怎么讲规律饮食对血糖是有利的。,28
569858,4906206,1,2015/4/12 17:06,314220,单纯的吃紫薯，不吃其他的。吃之前卓越6.4，吃205克紫薯，一小时后卓越测6.7.一个半小时卓越7.2，三诺智能7.0.不想再测了，谁试过紫薯的血糖高峰让我参考下。,88
570489,4908024,1,2015/4/13 11:47,328718,怎样加上加个好友串个门等资料,15
572459,4911367,1,2015/4/13 21:38,126664,我看有的医院提供的糖尿病餐蔬菜太少了,18
573845,4913176,1,2015/4/14 7:41,126664,热量：90多千卡！一个鸡蛋，一两（约半个）馒头，40克烙饼，90克米饭，一斤白菜的热量呀！信不信由你，大约相当30克粮食量，从主食扣除，，，，，，，，，，，，,80
575973,4917201,1,2015/4/14 22:27,328718,天气不错，驱车20kM去山里。,15
576729,4918391,1,2015/4/15 9:45,126664,哪个是香椿，哪个是臭椿下图是右边的和其树干，，，左边的可以肯定是臭椿，中间肯定是香椿，右边的也基本可以肯定是香椿了，（又查看了几个维管束痕是5个点）。,78
576754,4918542,1,2015/4/15 10:54,328718,空腹5.1，锐30R12u，早餐：意米、黑豆、小豆和玉米渣饭熟重300g（生重300/2.5=120g），鸡、鸭蛋各一100g，饭后快走30分钟，餐二爆表12.1。和昨晚吃的同一锅饭，昨晚餐二6.4。从未有过的数值。（一周最高餐二8.52）。请大神分析原因。,129
578998,4922430,1,2015/4/16 7:35,126664,死面饼172克，圆白菜260克，猪肉丸子3个74克，油11克，甜窝瓜200克，总热量：443+57+275+99+44=918千卡！！。平均早饭660-720千卡左右。09：14分（第一口饭后122分钟）血糖6.3！出奇得好怎么回事“缓解期”到来了血糖仪不准（4月10日晚饭后7.2呀）。主食不少了呀猪肉升糖慢（很可能3H高于2H）。,178
587515,4981977,1,2015/5/7 18:30,326320,"这个月在外学习，辛好饭堂不错基本每顿都是150克米饭，两个半荤素加一个素菜，或者鱼肉加两个素菜183036allggdgzm5e5mneg.jpg(1.57MB,下载次数:0)下载附件保存到相册2015-5-718:30上传",124
370197,3802382,1,2014/2/7 13:57,142746,"自从来到家园，我就深深的喜欢上这个地方。每天（过年也不例外哈）上来同糖友门打打招呼，聊聊天，心情忒好，血糖自然也就好。过年没有测血糖，但忌了嘴的，也运动了的。因此心里还是有数的。今天测个马年的第一次血糖，还不错，信心更足了哈。IMG_1766.JPG(359.73KB,下载次数:3)下载附件保存到相册2014-2-713:56上传",180
370238,3803451,1,2014/2/7 21:12,28815,过完年一上班，这叫一个烦，虽然班上啥事没有，但还是不想来单位，还是不想上班。想想自己还有很多年才能熬到退休....呵呵，慢慢等吧。退休后工资不会少很多、退休后自己能支配的时间多很多、....向往退休.....,107
370257,3803779,1,2014/2/8 7:27,124506,昨天也送了2个同学升学。大家到时也送送我。,21
370264,3803894,1,2014/2/8 8:44,128898,今天一大早，办公室里就弥漫着一股花生酱的味道，好香好浓，勾得我好馋啊。。。好想吃啊请大家伸伸手，好让我早日小升初啊，谢谢大家,64
370356,3806637,1,2014/2/9 11:16,121854,在是几个月我就55岁了，下一个月老婆就54岁，看来我们不再年轻！儿子儿媳在过年的一句话：”爸爸妈妈、您们现在最重要的就是养好身体，身体健康！我们在外就放心了！“孩子多好的愿望！作父母的没理由不养好身体，健康是福光阴似箭！真惜时光和年华！快乐过好每一天！,127
370407,3807857,1,2014/2/9 19:38,126222,本人从去年4月份开始上论坛经过了风风雨雨原本以为自己是大专学历可以在网上过过本科的瘾可以转正为本科学历今天一看还是有一道坎还得有一个预科呵呵呵看来还的继续努力啊。。。。。。,95
370410,3807893,1,2014/2/9 19:52,215262,刚老公单位的同事来送礼，送了一箱饼干，一箱糖果，一箱巧克力，是10KG一箱的那种不能因为你老婆在徐福记上班，就送这么多呀关键是我还不能吃呀。。。。。。。。。。。,88
370458,3808948,1,2014/2/10 10:56,134732,"说明：第一，请先弄清楚名义增速和实际增速。名义增速是2012和2013的数字直接对比，实际增速……政府说多少就是多少呗……第二，2012年数据一律为最终核实数据第三，2013年数据，在2014年六月份前，不管任何人发布的全部为预测数或者初步数，核实数得六月份统计年鉴才能发布，这个……1、省级行政区：1.jpg(158.91KB,下载次数:1)下载附件保存到相册2014-2-1010:54上传",212
380892,4022036,1,2014/4/29 11:58,79009,"老照片，mmexport1398742616749.jpeg(69.09KB,下载次数:0)下载附件保存到相册2014-4-2911:55上传mmexport1398742602052.jpeg(78.11KB,下载次数:0)下载附件保存到相册2014-4-2911:55上传mmexport1398742569391.jpeg(90.49KB,下载次数:0)下载附件保存到相册2014-4-2911:55上传mmexport1398742616749.jpeg(69.09KB,下载次数:0)下载附件保存到相册2014-4-2911:55上传，mmexport1398742677102.jpeg(86.23KB,下载次数:0)下载附件保存到相册2014-4-2911:55上传，/mmexport1398742823739.jpeg(67.49KB,下载次数:0)下载附件保存到相册2014-4-2911:55上传mmexport1398742854262.jpeg(118.05KB,下载次数:0)下载附件保存到相册2014-4-2911:55上传mmexport1398742569391.jpeg(90.49KB,下载次数:0)下载附件保存到相册2014-4-2911:54上传",634
380990,4023536,1,2014/4/29 23:16,8951,今天无事到地铁口前广场去玩，过路口时后面传来的异样的声音留住了我的脚步只见一膘肥大汉堵在在地铁前路边的等客的黑车前，手握也不知是什么东西，直接吼着跟司机要钱，那意思是不给马上就砸车的意思，只见车内司机马上把钱送出，开车就跑，然后这大汉又转到第二辆车前，还是同样的动作，我看后面排队的车好象没有一个敢拐弯走掉的，都乖乖地等着似的．这时从黑车对面开过来一辆警车，到大汉跟前时速度是明显的慢了下了，可是那歪头看着外面情况的车里警察司机没有停车，相反却加了油门跑掉了．也不知这大汉是不是跟警察有默契呢，还是黑社会警察认识不敢管呢如果这大汉天天站在站前广场上就好了，黑车他们肯定就不敢再来了．,293
381012,4023875,1,2014/4/30 9:25,93288,自论坛升级以来，经常出现网页打不开造成上不了网，你们有遇到过吗,33
381112,4025107,1,2014/4/30 18:49,79009,我拎着刚买的levi’s从茂业出来，站在门口等一个朋友。一个职业乞丐发现了我，非常专业的、径直的停在我面前。这一停，于是就有了后面这个让我深感震撼的故事，就象上了一堂生动的市场调查案例课。为了忠实于这个乞丐的原意，我凭记忆尽量重复他原来的话。“小姐……行行好，给点吧。”我一时无聊便在口袋里找出一个硬币扔给他并同他攀谈起来。乞丐很健谈。“……我只在华强北一带乞讨，你知道吗我一扫眼就见到你。在茂业买levi’s，一定舍得花钱……”“哦你懂的蛮多嘛！”我很惊讶。“做乞丐，也要用科学的方法。”他说。我一愣，饶有兴趣地问“什么科学的方法”“你看看我和其他乞丐有什么不同的地方先”我仔细打量他，头发很乱、衣服很破、手很瘦，但都不脏。他打断我的思考，说：“人们对乞丐都很反感，但我相信你并没有反感我，这点我看的出来。这就是我与其他乞丐的不同之处。”我点头默认，确实不反感，要不我怎么同一个乞丐攀谈起来。“我懂得swot分析，优势、劣势、机会和威胁。对于我的竞争对手，我的优势是我不令人反感。机会和威胁都是外在因素，无非是深圳人口多和深圳将要市容整改等。”“我做过精确的计算。这里每天人流上万，穷人多，有钱人更多。理论上讲，我若是每天向每人讨1块钱，那我每月就能挣30万。但是，并不是每个人都会给，而且每天也讨不了这么多人。所以，我得分析，哪些是目标客户，哪些是潜在客户。”他润润嗓子继续说，“在华强北区域，我的目标客户是总人流量的3成，成功几率70%。潜在客户占2成，成功几率50%；剩下5成，我选择放弃，因为我没有足够的时间在他们身上碰运气。”“那你是怎样定义你的客户呢”我追问。“首先，目标客户。就像你这样的年轻先生，有经济基础，出手大方。另外还有那些情侣也属于我的目标客户，他们为了在异性面前不丢面子也会大方施舍。其次，我把独自一人的漂亮女孩看作潜在客户，因为她们害怕纠缠，所以多数会花钱免灾。这两类群体，年龄都控制在20~30岁。年龄太小，没什么经济基础；年龄太大，可能已结婚，财政大权掌握在老婆手中。这类人，根本没戏，恨不得反过来找我要钱。”“那你每天能讨多少钱。”我继续问。“周一到周五，生意差点，两百块左右吧。周末，甚至可以讨到四、五百。”“这么多”见我有些怀疑，他给我算了一笔帐。“和你们一样，我也是每天工作8小时，上午11点到晚上7点，周末正常上班。我每乞讨1次的时间大概为5秒钟，扣除来回走动和搜索目标的时间，大概1分钟乞讨1次得1块钱，8个小时就是480块，再乘以成功几率60%[（70%+50%）÷2]，得到将近300块。”“千万不能黏着客户满街跑。如果乞讨不成，我决不死缠滥打。因为他若肯给钱的话早就给了，所以就算腆着脸纠缠，成功的机会还是很小。不能将有限的时间浪费在无施舍欲望的客户身上，不如转而寻找下一个目标。”强！这个乞丐听上去真不可貌相，倒像是一位资深的市场营销总监。“你接着说。”我更感兴趣了，看来今天能学到新的东西了。“有人说做乞丐是靠运气吃饭，我不以然。给你举个例子，女人世界门口，一个帅气的男生，一个漂亮的女孩，你选哪一个乞讨”我想了想，说不知道。“你应该去男的那儿。身边就是美女，他不好意思不给。但你要去了女的那边，她大可假装害怕你远远地躲开。”“再给你举个例子。那天cocopark门口，一个年轻女孩，拿着一个购物袋，刚买完东西；还有一对青年男女，吃着冰淇淋；第三个是衣着考究的年轻男子，拿着笔记本包。我看一个人只要3秒钟，我毫不犹豫地走到女孩面前乞讨。女孩在袋子里掏出两个硬币扔给我，并奇怪我为什么只找她乞讨。我回答说，那对情侣，在吃东西，不方便掏钱；那个男的是高级白领，身上可能没有零钱；你刚从超市买东西出来，身上肯定有零钱。”有道理！我越听越有意思。“所以我说，知识决定一切！”我听十几个总裁讲过这句话，第一次听乞丐也这么说。“要用科学的方法来乞讨。天天躺在天桥上，怎么能讨到钱走天桥的都是行色匆匆的路人，谁没事走天桥玩，爬上爬下的多累。要用知识武装自己，学习知识可以把一个人变得很聪明，聪明的人不断21世纪最需学习知识就可以变成人才。要的是什么就是人才。”“有一次，一人给我50块钱，让我替他在楼下喊‘安红，我想你’，喊100声。我一合计，喊一声得花5秒钟，跟我乞讨一次花费的时间相当，所得的酬劳才5毛钱，于是我拒绝了他。”“在深圳，一般一个乞丐每月能讨个千儿八百。运气好时的大概两千多点。关注男人爱微信:nanrenai520。全深圳十万个乞丐，大概只有十个乞丐，每月能讨到一万以上。我就是这万里挑一中的一个。而且很稳定，基本不会有很大的波动。”太强了！我越发佩服这个乞丐了。“我常说我是一个快乐的乞丐。其他乞丐说是因为我讨的钱多，所以快乐。我对他们说，你们正好错了。正是因为我有快乐、积极的心态，所以讨的钱多。”说的多好啊！“乞讨就是我的工作，要懂得体味工作带来的乐趣。雨天人流稀少的时候，其他乞丐都在抱怨或者睡觉。千万不要这样，用心感受一下这坐城市的美。晚上下班后带着老婆孩子逛街玩耍看夜景，一家三口其乐融融，也不枉此生了。若是碰到同行，有时也会扔个硬币，看着他们高兴的道谢走开，就仿佛看见自己的身影。”“你还有老婆孩子”我不禁大声赞叹，引来路人侧目。“我老婆在家做全职太太，孩子念小学。我在福田区按揭了一套房，十年分期，还差六年就还清了。我要努力挣钱，供我儿子读大学念市场营销专业，然后子承父业当一个比我更出色的乞丐。”“我5年前在微硬中华大区做市场策划，2年前升为营销经理，月薪5千。那时按揭了一台1万多的lBM笔记本，每个月还款2千，要死要活的。后来我想这样永远也出不了头，就辞职不干了，下海来做乞丐，我愿意做一个高素质的乞丐。”听完，我激动地说：“你有没有兴趣收我做徒弟”看了文章后深深感到人才不一定在办公室，在人才市场网站上，如果是人才，那么不管身处什么环境，什么岗位，都能通过自身努力成为专家的人！所以兄弟姐妹们现在起就别再抱怨环境不好，岗位太差，收入太低了！想想该调整。。。,2635
381974,4039788,1,2014/5/8 9:29,113446,说个大学时的。宿舍有一哥们梦游，大半夜幽幽的起来拿着水果刀在每人头上拍了两下，正当我们被拍醒惊恐地看着他时，他又幽幽的上床睡了。第二天早自习跟我们聊天，说昨晚做梦梦到去偷西瓜，mlgb，转了一圈，没一个熟的……熟的……,109
382055,4040915,1,2014/5/8 16:05,113446,老师问一同学:“你的作业本怎么变成这样了”同学说:“掉水里了。”老师:“怎么会掉水里呢”他低着头说：“上厕所的时候不小心……”老师:“掉在厕所的水里了”同学说:“掉进大便池里了。”于是老师带着一副哭腔仰天长啸，然后伸出食指比划着说：“我是蘸着口水一页一页翻的啊！”,141
396470,4269877,1,2014/8/22 9:23,93288,"昨晚刚收到易准，正好餐后2小时来个对比，结果如下：821W1.jpg(46.63KB,下载次数:70)下载附件保存到相册2014-8-2209:21上传用的是随机的试纸，有人说不准确，就再扎了一下：821W2.jpg(35.06KB,下载次数:73)下载附件保存到相册2014-8-2209:21上传这个差的是有点多。今早空腹再来个对比，结果如下：822.jpg(36.84KB,下载次数:71)下载附件保存到相册2014-8-2209:21上传总的而言，差别仍存在，是否存在试纸的原因尚待今后再次对比。",289
396775,4275061,1,2014/8/24 17:18,98623,现在一直用三诺免调码，和生化对比过多次，很准，不愧国产精品。不过感觉三诺最近的活动不多，千万不要让糖友忘记三诺。,56
396787,4275375,1,2014/8/24 20:05,93288,"晚餐后没去运动，测了个2H血糖值，智能刚到手时感觉也不准，但近期测试结果还真的令我满意，不说托话，用数据来说明。晚餐卓越.jpg(26.68KB,下载次数:20)下载附件保存到相册2014-8-2420:03上传晚餐智能.jpg(30.44KB,下载次数:25)下载附件保存到相册2014-8-2420:03上传是不是血糖仪和试纸都有个适应期。",195
396911,4277079,1,2014/8/25 15:40,223721,虽然我没有来监督鼓励大家，但是大家也不能放弃哦，每天都要测血糖。话说。。。我还没有做软陶的耳机塞呢，肿么办，真的好忙啊！,61
397474,4287464,1,2014/8/29 13:44,223721,"明天，第一批满足血糖记录大作战30天的获奖用户就要产生啦~你记录多少天了别着急，糖小护已经帮你准备好奖品啦！很壮观吧，都是土豪金哦！IMG_2971.JPG(159.45KB,下载次数:33)下载附件保存到相册2014-8-2913:43上传IMG_2967.JPG(131.82KB,下载次数:32)下载附件保存到相册2014-8-2913:43上传IMG_2968.JPG(112.37KB,下载次数:32)下载附件保存到相册2014-8-2913:43上传IMG_2969.JPG(110.88KB,下载次数:31)下载附件保存到相册2014-8-2913:43上传",331
397583,4289493,1,2014/8/30 10:58,311545,今天几点统计啊急哟。,13
397628,4290348,1,2014/8/30 19:08,223721,预计需要统计2小时，估计晚饭是没戏了,18
397636,4290566,1,2014/8/30 20:50,223721,截止今天，预计将有20个人达到30天的要求啦，希望大家可以晒晒8月份的血糖曲线，看看有什么变化，另外，达到30天的也不要懈怠啊，以后也要经常记录血糖哦~！请满足获奖资格的糖友把快递地址、姓名、电话信息提供给我哦用户名坚持天数雪恋198630lincq30偶的神呀30东方红30beyusha30捡来的30dingyy330糖糖小宝30zhangaoqiao30qwweee30徽韵30毛豆米子30netfox30、醉者柔情30chongyoucai30if.29hxtsky29thoth29崔大爷29jiangxiaoliao29lzhylxd28xiaoyv8828Mr.Sweet28xyp52526lg69626fxp78111226老猜26百杉祖冷杉26yuxin20可可小鱼19无忧2917失落的小糖人17糖老大17随缘215刘木易14HZXhzx13爸爸的小棉袄11haisl6dlzhangyun5yxq12094lxy5693天问2sword1011a2糖人王老五1Cheng1151思一米阳光1,553
398172,4300021,1,2014/9/3 17:24,127262,深深佩服小红帽的老土精神，想了半个月的中秋节活动最后定了抢楼，真是土到灵魂深处了，这么没创意，小红帽也是蛮拼的。但是，土地土地，意思是越土越接地气，对不对抢楼活动定在明天下午，请大家随时注意。更注意：9月1日之后注册的论坛ID，不能参加抢楼。公告完毕。,170
398234,4301209,1,2014/9/4 9:43,311545,下午有事要去办呢，抢不了拉祝各位抢得头名，抢的开心{:soso_e166:}{:soso_e166:}{:soso_e166:}{:soso_e166:}{:soso_e166:},95
398267,4301804,1,2014/9/4 12:19,313883,"中午的时候，突然收到快递电话，心想，最近没有网购啊，怎么会有快递，突然意识到应该是糖护士到了，心想，这家伙还真快啊。。。验完包裹，迫不待机，拆包，上照片吧，顺便自测午餐前血糖。PS，手机上没有安装糖护士，用的PAD。。以后有糖护士了，出门在外就可以用了，方便，连上手机就可以用，真的很小，而且试纸都是独立包装，出门携带方便。。。1.jpg(109.93KB,下载次数:38)下载附件保存到相册2014-9-412:19上传2.jpg(104.85KB,下载次数:41)下载附件保存到相册2014-9-412:19上传3.jpg(116.75KB,下载次数:38)下载附件保存到相册2014-9-412:19上传4.jpg(29.72KB,下载次数:39)下载附件保存到相册2014-9-412:19上传",399
398284,4302147,1,2014/9/4 14:15,127262,《西湖游览志余》中说：“八月十五谓中秋，民间以月饼相送，取团圆之意”。又快到中秋了，农历十五月圆夜，许多亲朋好友即将在一起聚会，许多在外地的人们又回到了温暖的家，这是一件多么令人激动的事情。中秋节是快乐的、团圆的象征，是充满喜悦的象征。“小饼如嚼月，中有酥和饴”，小红帽在这里提醒大家，月饼虽好，小小的尝一下，可不要贪吃哦~小红帽代表三诺在这里先提前祝大家中秋快乐，享受节日带来温馨的每时每刻！接下来进入活动主题：抢楼！抢楼细则：1、时间：9月4日14：00开始至抢楼结束2、发帖格式：内容格式为“【三诺xx血糖仪+中秋节愿望或祝福语】”或者“【三诺xx血糖仪+对三诺的建议、期望和感情等文字】”。3、中奖说明A、普通中奖楼层为：1000、1400、1800、2200、2600、3000、3400、3800、4200、4600、5000、5400、5800、6200、6600、7000、7400、7600、7800、8000、8200、8400、8600、8800、9000、9200、9400、9600、9800、10000、10200、10400、10600、10800、11000、11200、11400、11600、11800、12000、12200、12400、12600、12800、13000、13200、13400；特殊中奖楼层为：333、3333、13333。总共中奖名额为50名。B、抢中指定楼层但是未按格式发帖的ID无效，取消中奖资格，顺延至下一层。C、同一用户不能重复中奖，重复的顺延至下一楼层。D、严禁使用马甲抢楼，一旦发现将取消全部中奖资格，一律顺延，不予通知。E、严禁使用灌水软件进行抢楼，中奖名单审核时会根据您的发帖行为（如发帖间隔时间、发帖的IP、时间）进行过滤，一旦发现您的发帖行为类似软件灌水，将直接取消中奖资格，进行顺延，不予通知。4、奖品设置普通中奖楼层奖品：【安易血糖试纸一盒（50支）、智能血糖试纸一盒（50支）、易准血糖试纸一盒（50支）、安稳免调码血糖试纸一盒（50支）；安易血糖仪+试纸25支、智能血糖仪+试纸25支、易准血糖仪+试纸25支、糖护士手机血糖仪+试纸25支、安稳免调码血糖仪+试纸25支】——九选一特殊中奖楼层奖品：333：安易血糖试纸一盒（100支）、智能血糖试纸一盒（100支）、易准血糖试纸一盒（100支）、安稳免调码血糖试纸一盒（100支）；安易血糖仪+试纸50支、智能血糖仪+试纸50支、易准血糖仪+试纸50支、糖护士手机血糖仪+试纸50支、安稳免调码血糖仪+试纸50支】——九选一3333：a、安易血糖试纸一盒（100支）、智能血糖试纸一盒（100支）、易准血糖试纸一盒（100支）、安稳免调码血糖试纸一盒（100支）；安易血糖仪+试纸50支、智能血糖仪+试纸50支、易准血糖仪+试纸50支、糖护士手机血糖仪+试纸50支、安稳免调码血糖仪+试纸50支】——九选一b、便携电子称一个；13333a、安易血糖试纸一盒（100支）、智能血糖试纸一盒（100支）、易准血糖试纸一盒（100支）、安稳免调码血糖试纸一盒（100支）；安易血糖仪+试纸50支、智能血糖仪+试纸50支、易准血糖仪+试纸50支、糖护士手机血糖仪+试纸50支、安稳免调码血糖仪+试纸50支】——九选一b、便携电子称一个；c、便携无纺布袋一个。5、中奖公布中秋节后公布中奖者名单，获奖用户通过论坛私信（站内信）将所选奖品类型、收货地址及联系方式提供给三诺小红帽。6、声明对活动有疑问者可咨询三诺小红帽，活动解释权归三诺生物所有。,1727
399807,4345045,1,2014/9/16 20:12,39822,"看到朋友们一个劲的收到中秋抢楼活动的奖品，心里有点急。呵呵！今天上午终于收到啦。感谢小红帽！感谢家园的活动！IMG_8577.jpg(177.62KB,下载次数:25)下载附件保存到相册2014-9-1620:10上传",120
575940,4917134,1,2015/4/14 22:10,328718,今天天气不错，驱车20kM去山里春游挖野菜。先让糖友们看几种野菜，你认识吗,38
579003,4922541,1,2015/4/16 8:35,114077,"昨晚的运动数据：，咕咚，见证我运动第25天走跑8.88km,用时1小时25分,604.5大卡.#咕咚#时刻谨记;管住嘴、迈开腿、心似大江长流水。",74
581589,4926670,1,2015/4/16 21:47,327206,"在老顽童老师的指导下，在网上入手的新血糖仪到手了。在此，特别感谢下。中午耐不住，测了一个餐二，5.8，这么低在外面吃的涮鱼，好吧，主食不多，加点东西。晚上自己在家做的，杂粮饭（荞麦，燕麦，和一种不知道啥米的米，但肯定是粗粮，1:1:1的比例，）熟重200克，炒豆角，凉拌菠菜，西红柿炒鸡蛋，芹菜炒腊肠，老公在外面买了一只小鸡，啃了两个小鸡爪和一个小鸡腿，餐二5.9，ONG,又这么低不太可能，最近没这么好的餐二。又测一次，6.3。这这这&hellip;&hellip;新机子的原因吗采血量充足哦。214732vulgo79ac55szsx3.jpg(1.74MB,下载次数:0)下载附件保存到相册2015-4-1621:47上传214733lvvsv3z35l5hysmw.jpg(469.8KB,下载次数:0)下载附件保存到相册2015-4-1621:47上传214733v1525pu6dq3fqx7e.jpg(1.7MB,下载次数:0)下载附件保存到相册2015-4-1621:47上传",484
581621,4927001,1,2015/4/17 6:46,317327,昨天下午16:25吃一个苹果250g，晚饭前5.0，晚餐是熟重355g米饭(100g生米煮的量)，拌黄瓜，萝卜，蘑菇，半个蛋羹，青魚头。没运动，餐一6.3，没想到这么低，估计餐二应在6以下，结果也是6.3。为什么餐一的高峰没有了，是吃得慢的原因本来就刻意吃得慢，再加青鱼头就更费时，一顿饭花了40分钟。,152
581763,4927605,1,2015/4/17 10:42,126664,有资料称降血脂，不知真假这两种有时都叫“地笋”。这是两种地下茎非常相似的植物。左边的本地常用来做酱菜，右边的没见过有卖的，就在老农的地边沟坡，多年不知道是什么东西！搞得有些乱，，，，，，，，，,98
582421,4934700,1,2015/4/18 13:56,317327,11:02感觉很饿，吃了思朗无添糖消化饼干19g，12:03依然觉得饿，测血糖5.7。12:20吃午餐，主食橘红皮日本南瓜357g（不太老），配菜毛笋、茄子、番茄、带皮鸡腿肉、青鱼肚档。测了餐一5.6。尽管南瓜碳水较低，但总该升点吧，怎么反倒降低了呢,126
583461,4941670,1,2015/4/19 12:01,328718,糖人治疗五驾马车，其中三驾是饮食、药物治疗及运动。如何处理好三者关系呢我认为，饮食控制应放在第一位，因为引起血糖(餐后)升高的直接原因是饮食。当饮食过量血糖升高，这时再想通过药物和运动来调节使血糖达称是十分困难的，因此，饮食定时、定量是十分重要的，是血糖达标的基础。另外，饮食过量后再通过药物和运动来降糖，那为什么不定量饮食，起码还节约呢！你认为对吗(待续),181
583462,4941727,1,2015/4/19 12:22,126664,发面饼174克圆白菜360克菜汤，油6克，松花60-皮6克，很甜的窝瓜240克。热量440+78+54+92+52=716千卡。吃惯了死面病，觉得发面饼的适口性好了。不知血糖反应如何计算热量就像糖尿病初“强化治疗”一样，形成习惯并不费事并无害处-------------致反感算着吃的糖友。,148
583469,4941942,1,2015/4/19 13:22,116474,我的身体特别虚，气血不足，血糖降下来好不好好点呀！,25
583495,4942564,1,2015/4/19 16:14,126664,你说嫩窝瓜和老窝瓜百克热量能差多少甜窝瓜和不甜的窝瓜能差多少资料一般认为22千卡/100克。,48
583574,4943713,1,2015/4/20 10:30,324175,昨天用面包机和面做粗粮馒头，白面，玉米面，荞麦面1：1：1的比例，加了两勺木糖醇，一个鸡蛋，最后一尝，苦呀！,55
583582,4943781,1,2015/4/20 11:03,326212,"单位投标，忙到泪奔，提前擀的杂粮面片就派上用场了，多加蔬菜，再来个荷包蛋，出锅加上小香葱，美味也可以很简单的哦。妈妈说，越是累的时候越要吃得饱，吃得好。IMG_0722.JPG(296.51KB,下载次数:0)下载附件保存到相册2015-4-2010:43上传IMG_0725.JPG(315.8KB,下载次数:0)下载附件保存到相册2015-4-2010:45上传IMG_0723.JPG(333.87KB,下载次数:2)下载附件保存到相册2015-4-2010:46上传IMG_0729.JPG(320.39KB,下载次数:2)下载附件保存到相册2015-4-2010:46上传IMG_0731.JPG(335.4KB,下载次数:0)下载附件保存到相册2015-4-2010:48上传中午给老公带了两个素菜，委屈一下吧IMG_0764.JPG(370.26KB,下载次数:0)下载附件保存到相册2015-4-2010:49上传IMG_0765.JPG(363.19KB,下载次数:1)下载附件保存到相册2015-4-2010:51上传IMG_0766.JPG(338.23KB,下载次数:0)下载附件保存到相册2015-4-2010:51上传小鱼版主没有偷懒哦！！",631
583626,4944505,1,2015/4/20 18:11,326320,骑自行车还可以20km，打篮球30分钟就有点累了。,25
583685,4945477,1,2015/4/21 10:42,324175,一直心里有个问题，我是去年ogtt确诊的，当时血糖空腹6.51/餐一11.56/餐二10.94，胰岛素空腹10.51/餐一29.22/餐二45.16。但回想起来，当时放葡萄糖时医生说放75g，一不留心放了80g，只有少喝了几口糖水。想请问大家一下，是不是葡萄糖喝多了会造成血糖大幅增加，也就是说，我是不是就不能诊断为糖尿病，而只是糖前了,171
583697,4945582,1,2015/4/21 11:41,114077,1、苦荞麦：粗杂粮中唱主角苦荞麦血糖生成指数较低，而且荞麦淀粉中直链淀粉比例较高，能延迟糊化与消化速度，抑制餐后血糖升高的速度。主食可以经常吃些苦荞麦制品，如苦荞麦挂面等。2、马齿苋：野菜也是家常客马齿苋中脂肪酸其合成的类二十烷酸参与胰岛素的分泌，增加胰岛素的敏感性，降低空腹血糖。马齿苋可以加蒜炒着吃或加醋凉拌吃都可以，大蒜和醋都是温性的，可以中和马齿苋的凉性。除此之外，还可以用马齿苋煮汤喝。3、苦瓜：见苦皱眉别嫌弃苦瓜中含有的苦瓜苷被称为“植物胰岛素”，有辅助糖尿病患者平稳降低血糖的作用。其凉拌、炒、做汤都可以。苦瓜苦寒、有清热解毒之效，吃苦瓜时最好搭配一些温性食物（如辣椒、葱、蒜等），这样可缓和苦瓜寒凉之性。4、洋葱：很辛辣却最实用俄罗斯人很喜欢洋葱，因为它除了可以作为食物吃，还被用于制作彩蛋。洋葱中的含硫化合物能调节脂肪代谢，具有降血脂的作用，对于改善糖尿病患者的高血脂也有一定的辅助作用。可将洋葱同其他蔬菜凉拌后食用，这样能保留其中的生物活性物质，充分发挥其调脂作用。但有眼疾或皮肤瘙痒时要少吃，避免引起不适。北京中医药大学营养学教授周俭,492
583872,4946874,1,2015/4/21 22:14,326891,苦荞茶能降糖，问一下，什么牌子的苦荞茶好呀！,33
583896,4947307,1,2015/4/22 9:41,114077,喝茶可以降血糖，这是因为茶叶中与辅助降低血糖相关的物质有三种：复合多糖、儿茶素类化合物和二苯胺。复合多糖能缓解和减轻糖尿病症状，有调节血脂、血压等作用。复合多糖在粗茶中含量最高，达到37%。所谓的粗茶，就是指较粗老的茶叶，随着日照时间的增加，茶叶叶片也变得肥厚，茶树叶中大量积累多酚类物质与丹宁，此时采摘的茶叶味道较苦，即我们常说的“粗茶”。粗茶尽管苦涩，但其所含的茶多酚、茶丹宁和复合多糖类等物质，对身体都很有益处。冷水泡茶降血糖效果好自古以来，人们都习惯用热水泡茶，认为只有热水才能发挥茶叶的味道和有益成分，但其实，冷水泡茶的降血糖效果更好。这是因为茶叶中的多糖物质怕热，如果用热水泡茶，就会遭到严重破坏，用冷水泡茶就能避免这一问题。冷水泡茶降血糖要注意哪些事项呢冷水泡茶方便，无论走到哪里，只要可以买到矿泉水，就能喝到冷泡茶。冷水泡茶2小时后，茶叶中的鞣酸、游离型儿茶素等水溶性成分的浸出量就会超过热水泡的茶，而冷水泡茶8小时后，不溶于水的酯型儿茶素等成分的浸出量也可达到热水泡的茶的70%左右。不过，对于胃部不适的患者，不宜使用冷水泡茶的方法降血糖。服药后不能马上喝冷水泡茶，更不要用茶水服药；容易失眠的糖尿病患者，应该在睡前2—3小时前喝茶；糖尿病患者可适量饮用单粗茶，建议频喝慢饮，每次不要过量。,577
584018,4949017,1,2015/4/22 22:35,326891,都说苦荞茶能降糖，有的说不行，那喝什么茶可以降糖呀！,30
584041,4949361,1,2015/4/23 8:40,114077,经常生气会对身体健康有大的伤害，轻则生病，如有的人生气引发胃痛、胆囊炎、肋间神经痛，头痛，失眠，心脏病复发，心绞痛，心肌梗塞。妇女在月经期生气可致月经停止，痛经；严重生气者可发生猝死，危及生命……如三国演义中孔明三气周瑜而致瑜死的故事。在我们的周围因生气而致死的事例也有很多。人会被气死究竟是怎么回事一项最新的研究显示，生气所引起心律不齐的心电图比一般心律不齐来得更加混乱，也更加不稳定，所以是最致命的。美国医学专家通过调查发现，所有生气引发心律不齐的病人均起始于早期心室收缩，正是这种形式的心脏收缩会提高造成突发性心脏衰竭的概率。象愤怒这样的强烈情绪可会使心律中断，危及生命。美国生理学家爱尔马曾做过实验，把一支支玻璃管插在正好是零摄氏度的冰水混合客器里，然后收集人们在不同情绪状态下的“气水”，描绘出了人生气的“心理地图”。实验发现，当人们心平气和时，呼出的冷凝气水澄清无色不含杂质；生气时期有紫色沉淀。爱尔马把在生气时候呼出的“生气水”注射到大白鼠身上，几分钟后大白鼠就死了。由此分析，人生气时的生理反应十分强烈，分泌物比任何时候都复杂，且更具毒性。人要学会心胸开阔，避免生气：1、鸡毛蒜皮的事不值得生气，如买水果卖主少给了称，家人不小心打坏了东西，妻人做饭忘放了盐或多加了盐，不小心把衣服弄脏了，或是不小心被拌倒了等等，这些鸡毛蒜皮的小事不值得生气，也不要生气。2、别人对你的传言或流言非语，如果不是原则问题或大事，没有必要去计较或生气。3、别人无意的冒犯。如马路上被撞，公共汽车上被别人踩脚，饭店里就餐时被服务员失手弄乱了衣服等等。这些事都是别人无意的，要学会宽容，不应该生气。4、对非正常人或非正常的某些事不要生气，如别人的心理不健全，或酒后极度愤怒言行反常，或精神不正常的人，出言不逊，冒犯于你，损害你的自尊心等，千万不要往心里去，不值得生气。生气后如何尽快消气：一、精神消气：1、回避：立即离开生气的现场和惹你生气的人，找个清静的地方去看书、听音乐、和别人聊天或做别的事。2、倾诉或哭：如果你感到非常悲伤可以自己流泪或哭出声音。也可以找知心朋友和信懒的人诉说内心的不平、悲伤或痛苦，从中获得安慰。3、娱乐：听听音乐，唱唱歌，看看书，下下棋...二、偏方或食物消气：1、白萝卜：生吃或煮水吃萝卜渴汤，白萝卜有顺气健胃，清热化痰降脂，亦可用白萝卜籽煎水服，对气郁上火有较好疗效。2、陈皮(橘皮)：泡水当茶饮服。陈皮有顺气化痰功效。生气泡水服可有消气顺气之效。3、金橘：可食金橘或连皮吃。金橘有理气，解郁，化痰醒酒等功，可治胸闷郁结，食滞纳呆，醉酒等。4、香元：香元水煎服。香元可有顺气止痛功效。5、山楂：山楂橘皮或山楂萝卜籽同煎水服。山楂顺气止痛，化食消积，降脂通气血。对气滞血瘀之胸腹胀满疼痛，生气导致的心律不齐，心绞痛等有一定的疗效。6、莲藕：水煮或凉拌吃，能通气，健脾和胃，养心安神。7、瓜蒌：瓜蒌水煎服。瓜蒌理气解郁，开胸化痰。治生气引起的胸闷胸痛。一般来说，一个善于体谅别人的人，和一个平心静气的人都是宽容大度，涵养很高的人，正所谓“宰相肚里能撑船”，这肚量是平日注意涵养修炼的结果。因此学会消气，首先应该努力加强自身的修养，开阔心胸，这样才能提高心理承受能力，使自己成为少生气和快速消气的乐天派。才能有健康无病的身体素质和体魄。好歌易求，知己难觅。小编微信：mmd2046，美图怡人，美文怡人，小编与你不见不散！！,1568
584079,4949852,1,2015/4/23 12:16,328604,干辣椒与老干妈携手炒大杂烩。怕上火，怎敢王老吉！只敢绿豆汤。,31
584133,4950239,1,2015/4/23 15:32,5637,"血脂和胆固醇高的人要少吃鸡蛋——对于这条不成文的律例大家似乎习以为常了，更有甚者视鸡蛋如“炸弹”敬而远之!不过美国最新饮食指导准则的出台似乎打破了这一格局，相关咨询委员会声称：“人们摄取多少胆固醇，与罹患心脏病可能没有明显的关系，无须规定人们少吃蛋黄和海鲜等。”(潜台词就是无需为了控制鸡蛋摄入来预防心脑血管病!)如今消息不胫而走，以身试法的也大有人在，到底咋回事呢20150421_153852.jpg(47.87KB,下载次数:0)下载附件保存到相册2015-4-2315:32上传前几天的一台养生节目聘请了专家来解读该布告，便被耳尖的王阿姨记在心里。我想她本也是个爱吃鸡蛋之人，听闻鸡蛋与心脏病没有什么太大关联，便痛痛快快地吃了起来，并把平时坚持吃的他汀药给停了，结果才一个多周，低密度胆固醇便从2.6mmol/L飙升至9.1mmol/L!化验单一出来王阿姨瞠目结舌，直奔医院找我诉苦来了……我相信类似王阿姨的大有人在，一来对养生节目中专家的解读理解不透彻，二来美国这则报告本身并不适合我国国情。20150421_153932.jpg(34.9KB,下载次数:0)下载附件保存到相册2015-4-2315:32上传考虑到特定的社会经济状态、文化教育程度和民众饮食习惯，美国在最新饮食指南里为鸡蛋平反只能算是自娱自乐，还不是放之四海皆准的“金标准”。●首先，血浆胆固醇水平受多种因素调节。高热量、高脂、高饱和脂肪酸饮食能够促进胆固醇合成，提高血浆胆固醇水平;饥饿、低热量饮食或肝吸收胆固醇较多时，可抑制羟甲基戊二酰辅酶A还原酶(HMG-CoA)活性，从而减少胆固醇合成降低血浆胆固醇水平。而饮食中的“不饱和脂肪酸”可促进磷脂酰胆碱的合成，提高磷脂酰胆碱胆固醇酰基转移酶(LCAT)活性，生成较多的胆固醇酯，进而降低血浆胆固醇水平。此外，食物中的纤维素能帮助减少胆固醇吸收，阻止胆酸盐肠肝循环的药物也可降低血浆胆固醇水平。●早在19世纪末，科研人员通过高胆固醇喂养新西兰兔，发现高脂饮食可明显增高血脂，并引起血小板数增加、黏附力增强，前列环素/血栓素A失衡，纤维蛋白原及纤溶酶原含量增高，脂质过氧化代谢产物丙二醛含量升高，且在胸腹主动脉形成明显的动脉粥样硬化斑块。●从上世纪40年代开始，欧美国家陆续开展大样本的流行病学调查，证实血脂升高与冠脉事件的发生呈正相关。我国由于长期坚持“偏素饮食”，人群血脂基线水平及动脉粥样硬化性心脑血管疾病明显低于欧美国家。●相关研究还表明：单纯饮食和运动能够降低血胆固醇7-15%，实际的下降幅度与原来的生活方式息息相关。这些都直接或间接地表明——适度控制高胆固醇摄入有益心血管健康。●现已明确，亚洲人跟欧美人的基因、饮食结构均有较大差异，形象说来黄色人种好比“食草动物”，白色人种更像“食肉动物”。自然选择的结果就是欧美人对高蛋白、高胆固醇食物的代谢能力较强!●最后，习惯的养成需要时间的积累，突然改变饮食结构往往会带来不适。也许很多年前欧美人面对鸡鸭鱼肉大快朵颐的时候，我们还在吃糠咽菜，但事实却是当时我们的血脂水平很低。改革开放之后，人们的生活水平也提高了，尽管国人血脂平均水平仍低于发达国家，但近些年来其升高幅度却很惊人。有肉吃有酒喝的日子让很多人最终惹上“富贵病”!总之，高胆固醇摄入能够增加心脑血管病风险，这也是我们长期指导大家特别是心脑血管病患者饮食的关键所在。人体内胆固醇来源于2个方面①肝脏合成也就是内源性胆固醇。成年人除脑组织外各种组织都能合成胆固醇，其中肝脏和肠黏膜是合成的主要场所。体内胆固醇70%～80%由肝脏合成，10%由小肠合成。摄入胆固醇后，肝内含量升高，可反馈抑制关键性酶使肝内合成减少，但不能降低肝外组织的合成，故仍可升高血浆胆固醇水平。②外源性胆固醇即来源于动物性食物。如蛋黄、脑、内脏等。胆固醇广泛存在于动物性食物中，但人体自身也能利用内源性胆固醇，所以一般不会缺乏。可见饮食控制胆固醇摄入即不影响生理的需求又是很有必要的。我们有自己的传统和习惯，老祖宗留下来的理论和经验也是经过了无数实践验证的，即使推翻重来也需要更多的时间和证据。毕竟美国的报告研究的主要是美国人而不是中国人，所以大家不要盲目追求新奇和跟风。值得一提的是，美国指南虽然表示饮食中的胆固醇与心脏病无关，却也不否认血液中胆固醇与心血管病风险之间的利害关系，这其中的“矛盾”值得玩味。还有一个不争的事实：欧美国家经过饮食控制，心血管病死亡率逐年降低。反观我国这几年一直呼吁重视心血管疾病，但直至现在心脑血管病的发病率及死亡率下行的拐点非但没出现，甚至日益攀升!所以吃鸡蛋这事，大家还是尊重事实量力而行吧!小贴士20150421_154005.jpg(38.67KB,下载次数:0)下载附件保存到相册2015-4-2315:32上传一个普通大小的鸡蛋约含有200毫克胆固醇，占了每日推荐摄入量的2/3，正常的节制是应该的。不过也要看到鸡蛋当中含有许多降低心血管疾病风险的成分，如蛋黄中的卵磷脂有助于升高高密度脂蛋白，维生素B6和叶酸有助于降低同型半胱氨酸的浓度。我的建议是，如果本身很健康又特别喜欢吃鸡蛋或素食者，每天可以吃1个;就算已经明确有高胆固醇、高血脂，也没必要完全不吃，每周吃2-4个还是可以的。(当然还需严格控制其他高胆固醇食物的摄入并加大蔬菜的食用)另外，各类他汀药的涌现，为防治心血管病提供了有效的武器。(不过研究发现应用他汀类药物在降低肝脏内源性胆固醇合成的同时，患者肠道内外源性胆固醇的吸收会代偿性增加。)20150421_154029.jpg(32.12KB,下载次数:0)下载附件保存到相册2015-4-2315:32上传再者，与国外习惯“大剂量降脂+嘴上适当放开”的理念不同，我们更强调改善生活方式的同时配以常规或小剂量药物调节，使其即有效又安全的长期使用，才能长期明显获益，正所谓“润物细无声”。总而言之，饮食控制是基础，这也跟我们一致倡导的膳食平衡不谋而合。我的童年虽然生活拮据，却总有一些特殊的时刻让我满心欢喜：塞满糖果的布口袋，热滚滚的姜汤，摇进梦乡的蒲扇，还有刚煎好的鸡蛋……以前一口气吃好几个，现在为了健康考虑每天吃一个，我想这也是个很好的习惯。",2822
584161,4950602,1,2015/4/23 17:49,126664,玉米面加水调成近似稍可成形的糊状，摊入电饼铛稍整平后均匀撒上芝麻，电饼铛盖好，几分钟便可食用，不可过度加热失水过多。实验数据：110克玉米面加3克芝麻，刚熟的热饼168克，放置24小时候称重158克，失重10克，失水率5.95%。,115
584170,4950819,1,2015/4/23 19:45,326807,"我跟老公的晚餐，我的杂粮饭，他的大米燕麦粥，自从我糖后，让老公也跟着吃点杂粮，这对正常人也是有好处的194530om1o5iymi10ms5so.jpg(288.59KB,下载次数:0)下载附件保存到相册2015-4-2319:45上传194531mjoob73dzlkztdt0.jpg(359.16KB,下载次数:0)下载附件保存到相册2015-4-2319:45上传194531af19wn1fbwt420dw.jpg(286.33KB,下载次数:0)下载附件保存到相册2015-4-2319:45上传194532zj96j6b5tzezzy0e.jpg(202.93KB,下载次数:0)下载附件保存到相册2015-4-2319:45上传",366
584171,4950839,1,2015/4/23 19:55,126664,“膳食纤维能降血糖”----资料上是这样说的。请高人解释一下降糖的机理可以吗,39
584172,4950846,1,2015/4/23 20:01,126664,“降糖食物”---这词听着别扭呀豆芽大白菜就是拜唐苹了呀！洋葱吃多了有低血糖风险呀这是哪位闲扯淡出来的呀,62
584200,4951459,1,2015/4/24 7:43,126664,把对主食“多一口不吃，少一口不行”作为目标。,22
584228,4951717,1,2015/4/24 10:04,126664,有这样一位糖友：今天血糖高了，不敢吃了，明天降下来了又忘乎所以了，这不是折腾自己是什么您还别不信，就有这样的人！,57
584292,4952679,1,2015/4/24 17:06,330402,"糖尿病患者的日常饮食可直接影响其血糖的水平。所以，合理地调整饮食结构，规划好自己一日三餐的食谱，对此病患者来说是至关重要的。那么糖尿病患者的三餐要如何合理安排呢三餐安排中需要注意哪些细节呢下面让小编为你解答。1.jpg(148.8KB,下载次数:0)下载附件保存到相册2015-4-2417:03上传先吃菜后吃饭助糖友者降低血糖值日本一个研究小组日前宣布，就餐时先吃点蔬菜再吃饭，不管有无糖尿病症状，都有助于降低血糖值并减少其变动幅度。血糖值大幅变动可能导致动脉硬化、心肌梗塞、脑梗塞等疾病。大阪府立大学教授今井佐惠子率领的研究小组，将19名糖尿病患者和21名健康人分为两组对照研究，要求他们按照规定的顺序就餐，并连续4天每隔5分钟就检测一次血糖值。结果发现，糖尿病患者一组中，如果是先从米饭等碳水化合物开始吃，就餐过后2小时，他们血液中血糖值平均达到每百毫升195毫克，而如果先吃点蔬菜再吃米饭，这一数值则是每百毫升160毫克。血糖值明显降低，且变动幅度也降低很多。在健康人对照组中，研究小组也发现了先吃蔬菜和先吃饭对血糖值的类似影响，这显示身体健康者就餐时，先吃点蔬菜也有助于控制血糖值。研究小组认为，这似乎是由于蔬菜的纤维质使得碳水化合物的吸收变慢了，遏制血糖值变动的激素功能似乎得到了加强。今井佐惠子说，只要就餐时稍加注意进食顺序，就能够帮助预防生活习惯病。糖友三餐如何合理安排专家建议，糖尿病人一日三餐搭配要合理，糖尿病饮食营养专家表示，糖尿病人的饮食，要根据患者的身高、体重以及体内情况等，科学地计算出每日的热量，再按不同的食物所含营养成分及热量来安排好一日的食谱。在安排食谱的同时，糖尿病人还需明确，不能单以数量求热量，而要注意饮食的质量与营养价值。1.jpg(81.25KB,下载次数:0)下载附件保存到相册2015-4-2417:06上传糖尿病患者一日的餐次安排最好是少食多餐，把一天的摄入量计算出来后，分3次以上食入，这样可以避免1次摄入过多而造成血糖猛升。目前一般糖尿病患者是按照早餐为1/5，午餐为2/5，晚餐占2/5；或者各按1/3量分配三餐，这对糖尿病比较稳定的人来说是比较合适的。但在实践中遇到最多的问题是病人见空腹血糖或尿糖很高，就减少早餐，把其他的量加入中餐和晚餐之中，这样往往会造成中午之前出现低血糖，晚餐摄入过多而又造成第二天早晨空腹血糖过高。因此，将食物分成4-5次食入，时间安排在早7点；上午10点30分；下午1点30分；晚上6点30分。然而，病人又不习惯于这样的饮食时间，故对于病情不稳定者，一般采用加餐的方法，每日进餐5次或6次，加餐的食物是从三次正餐中匀出来，在每2次正餐中食用。这样就减少正餐的摄入，使三餐后的血糖峰值不会一下子升得很高，这对不稳定型糖尿病人来说是很有意义的。在两餐之中的加餐，可以有效地预防低血糖的出现，特别是对上午和半夜出现低血糖者特别有效。",1264
584303,4952815,1,2015/4/24 17:52,328718,在论坛上经常会看到新糖友，经过一段时间努力，血糖控制的较好，见到好吃的就会放松警惕，暴食一顿，或有时为应酬暴食，造成餐后血糖升高，表面上看看只是一次升血糖升高，无关紧要，但是实际上上这顿暴食打乱了多日形成的药物（针）、饮食及运动之间的平衡，使得一段时间血糖波动，所以一定要管住自己的觜，决不暴食。你们说我说的有道理吗,159
584306,4952908,1,2015/4/24 18:42,316697,liang:好壞油大PK!今天我要來講解好油壞油大PK!如何辨識好油和壞油~現今的社會充滿了亂象~政商掛勾~層出不窮~~我們這些善良的老百姓根本鬥不過商~更鬥不過官~那麼我們要如何自保保住我們自己的健康別花了錢又丟了健康~政商們躺在沙發上數錢數不完~而我們健康卻一天比一天差~自以為吃得很健康卻總是一天比一天累~我今天就來踢破好油壞油的政商勾結大秘密!以下照片有3個碗~分別是1.2.3號碗~1.是橄欖油!(燃點約160度C)順便說一下~就是冒煙點~在炒鍋裡開始冒煙的溫度!2.是純麻油!(燃點約180度C)3.是葵花油!(燃點約110度C)以上3種油的燃點都是純的油~沒有參入其他雜油~那麼~當我們買回油後~一定要加熱才能知道是不是好油嗎當然不是!那怎麼辨呢現在我就來通俗講解好油壞油分辨法!1.首先~你可以把家中的已開封的油蓋打開~2.然後你準備一支乾淨的筷子~(筷子要乾淨~不能殘留其他油脂)3.準備一個碗~裝入半碗水~4.把一支乾淨的筷子筆直的插入油瓶~筆直的抽出~讓筷子底尖的油自然的滴入那碗水~5.觀察~如果滴入碗水的油是馬上化開~和水溶在一起~根本看不到油~油水溶在一起~那就是純油~而且是好油~是可以幫助我們的血管潤滑的~~所以通過我以下的圖片~我買了1號~是橄欖油~實驗後有一點油影漂水上~我買了2號~是純麻油~實驗後油花是散佈均勻~我買了3號~是葵花油~實驗有影子~但是葵花油並非是健康油~所以3號水碗有影子~他不是被人類血管所接受的~我過去還做過豬油實驗~~我用筷子沾油滴在水碗上~直接凝固~成了一塊狀~我用手直接可以把這點狀豬油撈起來!所以越差的油越不溶於水~~以下照片可提供證據~~~今天是星期五~~~明後天都是假日~~把家中的所有油都拿來實驗吧~~相信你們的假日都很有趣~也增加家庭感情和夫妻情趣~尤其是假日小孩愛亂跑~就把假日拿來實驗好油壞油大PK吧!祝大家健康快樂!881!,850
584322,4953229,1,2015/4/24 21:26,116474,朋友们你们是每餐后都运动吗跑步&#127939;&#127939;都什么时候跑,40
584547,4954960,1,2015/4/25 19:10,324175,自从糖了，自己很小心，血糖一直都很不错，也注意着不喝白米熬的各种粥。今天想起杂粮粥会好一些，于是熬了两把小米粥，早上喝了没测血糖，中午又喝了一大碗，加上100克玉米饼，想着试一下，没想到一下子打回原形：餐一11.1，直接爆表，餐二也有8.8。看来什么粥都不能喝了！,133
584761,4956349,1,2015/4/26 13:11,317327,老母86岁，没牙，只能长期吃粥，基本每天两餐是粥。一直担心这样会不会得糖尿病，所以想看看她的餐后血糖。上次吃核桃粥，餐一8.1，这次吃桂圆莲子红枣粥，还加了芝麻酱、蜂蜜，餐一10.2，都是生米60g的量。她还算是正常人吗,111
584802,4957295,1,2015/4/26 20:31,326807,不知大家有没有好的粗粮做的主食食谱，有的话给我介绍介绍，先谢了,31
584832,4957789,1,2015/4/26 23:27,328695,好像我测血糖高的那几天，都是便秘的时候,19
585807,4968107,1,2015/5/1 10:53,126664,某人基础代谢为1001千卡，而按照饮食计算得出每天需要热量却只有940千卡，这样下去不就饿死了吗,49
585891,4969511,1,2015/5/2 8:11,326956,早上空腹5.8，加了个小点心，30分钟迅速升到10，吓一跳，一小时7。这样行吗是不是波动太大啊,49
586004,4970687,1,2015/5/2 18:17,326807,"今天蒸的米饭，发现杂粮饭蒸熟放大2.5倍左右，像我170身高，75公斤，一次熟重吃多少合适，如果减肥的话吃多少合适，先谢谢指点181739jj2foohouzqnoqut.jpg(956.48KB,下载次数:0)下载附件保存到相册2015-5-218:17上传181740ci46ovik53bs6q1r.jpg(1.11MB,下载次数:0)下载附件保存到相册2015-5-218:17上传",217
392165,4194481,1,2014/7/19 21:02,307373,这样还可以吃吗我去看了，但是没敢买，大家也都是在超市买的吗,31
392575,4200605,1,2014/7/23 6:09,126664,而尽量避免消耗身体脂肪的能量,14
392605,4201255,1,2014/7/23 11:21,307373,今天早餐100克左右麦片，外加一个半面包，大概顶三个小笼包那么大，餐后1H9.2，2h11.1，這是得病半年第一次尝试吃包子，为什么两小时会比一小时高呢平常吃米饭都没那么高…,89
392630,4201880,1,2014/7/23 15:19,315233,最近二天有点问题，7月22日昨天中餐后二小时血糖8.8，加测三小时血糖5，今天空腹5.1，早餐后二小时5.5，中餐后二小时7.5，加测三小时6.2，从7月2日下午开始至今未吃药，7月16日按俞版主的检查项目到丽江市人民医院三级乙等进行静脉血检测空腹血糖5.98，同期自我用罗氏逸动血糖仪检测为5.8。应该正常，其它方面都还好！不知我是吃药，还是不吃药，好为难，请专家建议！纠结的很啊！血糖！,195
392814,4205101,1,2014/7/25 7:14,317740,"各位有没有关于睡眠和血糖的关系的经验呢我是GDM，30w+1天了，之前空腹一直在5.5下不来，前天意外的的早睡（10:30），睡前没有喝牛奶（之前医生让我睡前喝100ml牛奶），早晨空腹下降到5.0，昨晚我特地的又10:30就睡了，晚上也没加餐（晚饭后的加餐）也没喝牛奶，今天早晨醒的特别早，5:12分测4.5,6:40（我平时测的时间）测试4.9。所以睡眠和血糖也有关系么",190
392854,4205760,1,2014/7/25 12:29,226635,对于众多女性来说，冰淇淋可谓是甜蜜的负担。享用冰淇淋，在满足味蕾的同时，却生怕身上多了几斤肉肉。然而，据专家报道，冰淇淋不像人们想的那么糟。食物的升糖负荷指数可以作为控制体重的饮食指标。食物的升糖负荷指数越高，碳水化合物升高血糖的速度越快。低升糖负荷指数的食物滞留于消化道中时间长，吸收率低，葡萄糖释放缓慢，进入血液速度慢、达到的峰值低，胰岛素峰值相应低。高升糖负荷指数食物则与之相反。不利于体重控制，对体胖并有胰岛素耐受者有增加心脑血管疾病和癌症的危险。举例来说，一个普通的香草冰淇淋的升糖负荷指数为68，一个含有相同糖分的低脂肪食物的指数却高达114，水果棒冰的指数也高达85。换句话说，与吃低卡路里的水果棒冰不同，虽然冰淇淋卡路里看似较高，但我们在食用时身体分解其脂肪的速度较慢，这就充分满足了我们的食欲而不会多吃。相比之下，一个水果棒冰下肚后，我们极有可能还有饥饿感，这就导致我们继续贪吃，结果可想而知我们摄入了更多的卡路里。此外，专家给出以下建议：选择普通的原味冰淇淋，同时注意冰淇淋里含糖量越少越好。,467
392942,4207368,1,2014/7/26 6:13,126664,我只知道桃的热量平均40千卡/100克，含糖较高，且是葡萄糖较多对吗，没敢多吃半个纯100克而已，，，，，，，，，，，，,61
393002,4208430,1,2014/7/26 15:53,314220,我今中午做面条实验的。但煮面条之前忘记称重量了，最后称的煮熟后的，熟了后直接捞了出来，没盛汤。吃了两碗，熟重视600克。请问这600克能有多少干挂面也不算实验，我想知道我最多能吃多少面条。因为除了包子其他的也就喜欢面条了。以前也试过几次，得多试几次才能放心。餐一安稳8.5，餐二卓越8.4，餐三安稳5.7.我感觉这个熟种600克有一点点多，估计500克血糖会更好。但我忘记称生重了,194
393006,4208470,1,2014/7/26 16:11,314220,刚百度搜出来的，希望对大家有用五谷类：白饭1碗（150克，5汤勺满）220卡白粥1碗（24克米）88卡米粥（熟，米连汤）1碗（140克）173卡河粉1碗（140克）283卡意粉1碗（140克）174卡通心粉1碗（140克）167卡面1碗（140克）280卡即食面1包（100克）470卡上海面1个（58克）207卡伊面1个（80克，细）404卡面包2片(厚切连皮，100克）250卡甜面包1个（60克）210卡咸面包1个（60克）170卡西多士1片356卡早餐粟米片1碗（25克）92卡麦片（米熟）1碗（56克）180卡蛋，肉类：鸡蛋1个75卡蛋白1个15卡蛋黄1个65卡鹌鹑蛋1个16卡皮蛋1个160卡蒸蛋1个（50克）74卡煎蛋1个（50克）118卡半肥瘦叉烧150克484卡瘦火腿2片（60克）70卡烧猪扒1件200卡烧牛肉（瘦）3片（90克，薄）175卡烤牛扒1件155卡烤鸡肉140克266卡烤鸭肉（连皮）半只（382克）1287卡烤鸭肉（不连皮）半只（221克）445卡烧鹅肉（连皮）半只（774克）2362卡烧鹅肉（不连皮）半只（591克）1406卡炸鸡上脾1件（104克）294卡炸鸡小腿1件（57克）146卡炸鸡翅1只（55克）178卡鸡肉香肠1条（45克）115卡羊扒（半肥瘦）2件（90克）355卡鱼类：蒸鱼柳150克124卡白灼虾10只（100克)200卡龙虾肉100克120卡鱼柳1份（120克）110卡罐头沙丁鱼100克335卡三文鱼100克130卡鳗鱼100克340卡鳕鱼100克75卡比目鱼100克90卡秋刀鱼100克240卡黄花鱼100克62卡虾肉100克90卡龙虾100克100卡墨鱼100克50卡蟹肉100克90卡虾米100克195卡银鳕鱼100克102卡罐头沙白鱼1罐335卡吞拿鱼（水浸）85克111卡吞拿鱼（油浸）85克163卡红杉鱼（生，净）2两（75克）85卡大鱼腩（生）2两（75克）57卡蔬菜类：葱100克47卡洋葱100克35卡大蒜100克40卡马蹄100克68卡白菜100克17卡通菜100克20卡大介菜100克47卡笕菜100克40卡露简100克15卡荷兰豆100克32卡青椒100克14卡西芹100克5卡苦瓜100克12卡菜心100克20卡美国南瓜100克73卡日本南瓜100克35卡菠菜100克19卡芽菜100克20卡雪菜100克60卡A菜100克40卡豆苗100克40卡西红柿100克14卡青瓜100克12卡丝瓜100克17卡茄子100克26卡冬瓜100克40卡芋头100克94卡莲藕100克52卡海带100克36卡草菇（罐头）100克30卡青萝卜（熟）100克23卡白萝卜（熟）100克20卡红萝卜160克（4两）60卡白菜（水煮）1碗（170克）20卡椰菜（水煮）1碗（150克）32卡西兰花（水煮）1碗（156克）44卡生菜1碗（56克）10卡粟米1条（77克）83卡青豆（水煮）1碗（196克）231卡番薯1个（151克）160卡熟红豆1碗256克208卡熟黄豆1碗172克298卡熟豆腐1砖112克85卡罐头豆/青豆/粟米半杯100克60卡水果类苹果100克57卡杏100克48卡蜜饯杏脯100克329卡牛油果100克161卡香蕉100克92卡杨梅100克28卡黑莓100克52卡蓝莓100克56卡杨桃100克33卡甜樱桃100克72卡黑加伦子100克63卡榴莲100克147卡无花果100克74卡无花果干100克255卡葡萄100克43卡葡萄干100克341卡柚子100克41卡番石榴100克41卡山楂100克95卡罐头糖水菠萝100克92卡鲜枣100克122卡蜜枣100克321卡奇异果100克61卡金橘100克55卡柠檬100克35卡荔枝100克66卡哈密瓜100克34卡橙100克47卡柑100克51卡梨100克32卡西瓜100克25卡零食类：芝士蛋糕1件300卡署片1包小25克130卡芝士圈&nbs零食类：芝士蛋糕1件300卡署片1包小25克130卡芝士圈1包小25克125卡仙贝1小包35卡牛丸1串80卡咖喱牛肉干1块162卡臭豆腐1块370卡粟米粒1杯120卡鱼蛋1串100卡蛋塔1个320卡凤梨酥50克200卡豆干块60克150卡花生米100克560卡鱿鱼丝80克230卡海苔1小包25卡饼干类：蓝罐曲奇100克13块525卡克力架1块32卡全麦营养饼100克12块537卡熊仔饼1盒334卡糖果类：牛油糖5粒105卡棉花糖5粒80卡果汁糖5粒（28克）265卡瑞士糖1粒22卡特选牛乳糖1颗19卡奶类：全脂牛奶240ml150卡低脂牛奶240ml121卡脱脂牛奶240ml91卡全脂朱古力奶240ml205卡炼奶6茶勺38克123卡全脂淡奶6茶勺32克42卡朱古力奶昔1.25杯283ml360卡雪呢奶昔1.25杯283ml314卡饮料类：清茶240ml2卡维他奶1盒250ml120卡甜豆浆1杯120卡菊花茶1杯90卡纯橙汁1杯240ml114卡阿华田2满茶勺7ml26卡番茄汁190ml35卡蔬菜汁190ml35卡无糖乌龙茶250ml0卡无糖麦茶250ml0卡冰红茶300ml120卡泡沫绿茶300ml110卡可乐355ml150卡健怡可乐350ml3.5卡雪碧350ml147卡百事可乐350ml161卡酒类：啤酒1罐106卡威士忌1份70卡红酒100克72卡白酒100克68卡百威啤酒335ml142卡伏特加1份100卡梅酒（连梅）1份71卡麦当劳：汉堡包260卡芝士汉堡包320卡巨无霸560卡猪柳蛋汉堡440卡鱼柳堡360卡麦香鸡510卡小薯条210卡中薯条312卡大薯条450卡麦乐鸡6块290卡芥辣酱60卡烧烤酱45卡甜酸酱50卡苹果派260卡朱古力奶昔360卡朱古力新地340卡橙汁（6安士）80卡可乐（12安士）110卡红茶（纯）0.5卡咖啡（纯）2卡肯德基：全鸡桶9块1865卡上校鸡块1个45卡鸡米花125克420卡鸡翅膀（加辣）1只130（+25%)鸡胸（加辣）1份250（+25%）小鸡腿（加辣）1只230卡（+25%）鸡腿整个（加辣）1只290（+25%）芝士汉堡1个460卡鸡腿堡1个440卡鸡卷1份615卡粟米棒1根90卡西餐：墨西哥沙律1盘981卡生菜沙律+意式醋汁1小杯170卡凯撒沙律1盘650卡总汇沙律1份240卡法式浓汤1杯72卡蘑菇汤1杯98卡牛肉蘑菇汤1杯195卡酥皮浓汤1杯450卡海鲜意大利粉1盘620卡凉拌海鲜通心粉1份250卡局海鲜1份400卡牛油局薯1个460卡炸虾100克220卡龙虾100克120卡沙朗牛排（带肥肉）85克330卡小牛排60公克330卡炸洋葱圈100克390卡去皮鸡胸肉1份120卡海鲜Pizza80公克220卡中式小食：牛肉馅饼1个200卡锅贴3个170卡水饺1个35卡小笼包1个105卡炸春卷1个300卡烧卖1个55卡客饭1客500卡中式炒粉面1碟1500卡中式炒饭1碟950卡中式粥1碟300卡中式餐点：白饭200公克180卡荷叶粽1个1200卡萝卜糕2块180卡筒仔米糕1份330卡蒸蛋1份75卡蛋花汤1碗70卡紫菜汤1碗10卡东瓜汤1碗20卡酸辣汤1碗155卡烧粟米1枝345卡麻婆豆腐1盘365卡炒花枝1盘155卡清蒸鳕鱼1盘360卡酥皮香鸡块1块560卡烤鸡100千克300卡卤鸡翅65千克115卡卤鸡腿1只300卡炸鸡腿1只310卡虾仁炒饭1份550卡宫保鸡丁饭1份509卡鸡肉饭1份330卡鸡肉咖喱饭1份550卡牛腩饭1份575卡什锦烩饭1份705卡炒米粉1份275卡广东炒面1份930卡什锦炒面1份685卡炒三鲜1份435卡炒青菜1份165卡青椒炒牛肉1份240卡火锅类：油豆腐2个75卡鱼饺5个100卡虾丸5个125卡鱼丸3个45卡鳕鱼丸3个26卡三文鱼丸5个46卡蟹柳丸5个50卡牛肉片1盘605卡羊肉片1盘175卡鸡肉片1盘140卡蟹1只100卡虾3只15卡蛤5个10卡大白菜100克10卡粉丝1份135卡,4194
393176,4211708,1,2014/7/28 10:00,315233,"早餐后二小时血糖和血压，早餐二小碗米饭，一块面包。还可以，6.4。血压107/70心率83。100038vjfdmhjnlv0fl5am.jpg(148.8KB,下载次数:41)下载附件保存到相册2014-7-2810:00上传100039weafhzehfzuho0x4.jpg(145.47KB,下载次数:41)下载附件保存到相册2014-7-2810:00上传100039r08fn0muxrhjxuvx.jpg(149.31KB,下载次数:38)下载附件保存到相册2014-7-2810:00上传",285
393177,4211711,1,2014/7/28 10:00,8650,糖友有人喝玉米粥吗玉米粥升血糖吗经常和玉米粥的给些亲身经历。,32
393192,4212026,1,2014/7/28 12:00,314713,以前经常在商场或电视直销中卖一种不需要放油便能炒菜的锅，都吹是德国货，卖很贵。那时对健康饮食没认识，也就不以为然。现在不同了，被强制需要健康生活了，想借这种锅控制油的摄入，请教有谁用过这种锅，能介绍下吗！谢谢！,105
393193,4212028,1,2014/7/28 12:01,128514,现在阳山水蜜桃市场很多，糖尿病能吃吗,19
393633,4219193,1,2014/7/31 20:11,315233,"今天吃饱了，出去散步70分钟；20点测试二小时后血糖：5.9。很好，对我来说真理，就是少吃和不吃米饭。血糖就比较好！201123a143f36fnv6nc6nr.jpg(215.13KB,下载次数:76)下载附件保存到相册2014-7-3120:11上传201123jzy1wcyykhkicq1v.jpg(240.69KB,下载次数:75)下载附件保存到相册2014-7-3120:11上传201124ko5h537jokomioyo.jpg(231.98KB,下载次数:72)下载附件保存到相册2014-7-3120:11上传201125ahhqk16dpeh11npb.jpg(227.13KB,下载次数:77)下载附件保存到相册2014-7-3120:11上传201128l5wvmd53mm55eil0.jpg(215.13KB,下载次数:76)下载附件保存到相册2014-7-3120:11上传",458
393641,4219326,1,2014/7/31 21:20,307373,今天晚餐吃了三个酿豆腐，大概有水蜜桃那么大个，吃了一个大鸭腿，又吃了好多鸭肉，一碗半米饭，大概二两半，饭后快走半小时，饭后两小时5.8，还不错,71
393664,4219698,1,2014/8/1 7:49,316612,我这几天一直在论坛里泡着，看了好多帖子。我有个疑问：如果一个健康的人，在一天中任意时候的血糖都是在3-6之间，只有饭后稍微高点。而DM糖人在不吃药的情况下，一天任何时间的血糖都会高于6，饭后会更高。或者有时候低于3（低血糖）。如果这个理论成立的话，糖人随机时间检查血糖都应该是不正常的了。不知道我这样理解对不对。举个栗子：糖人不吃药的情况下，上午十点（午饭前）测血糖就应该在6以上。下午5点（晚饭前）也应该超标。如果这个时间段测得血糖在3-6之间，是不是就说明血糖正常了呢,237
374077,3893790,1,2014/3/9 23:53,1,有人托我抢红米手机，抢不到呀。有啥诀窍么有,22
375995,3933207,1,2014/3/23 14:34,134732,"在二次元兴盛的时代，好像所有流行事物都可以拿来拟人化一番。此前，我们分享过拟人化的沙县小吃、拟人化的字体、拟人化的动物、拟人化的省份等等。现在一起来欣赏一组超萌的拟人化的编程语言，包括Java、C++、Python、Ruby、PHP、C#、JS。你最喜欢哪个编程语言萌娘呢Java：犹如宫泽贤治的《不畏风雨》中出现的、性格木讷的女孩子。从小就由于迟钝和大食量等特征被别人当作笨蛋，从小学入学开始进入田径部、坚持跑步，在中长跑中经常取得好成绩，给人以活泼的印象。是十分努力的女孩子。她的家境并不算好。父亲Sun是有才能的艺术家，但不擅长理财，在她14岁的时候因为苦于借债积劳成疾而去世。她被Oracle叔叔收养，那时还与Google叔叔之间因为对她的扶养权问题而引起争端并闹上法庭。在周围的人都担心，正值青春期时她在这样的处境下会不会一蹶不振的时候，她却处变不惊、继续着每天练习跑步的生活。朴素的、认真的、难说是聪明的她，进入高中后不知是不是稍稍开始对异情在意，被人看到她偷偷地学着别的女孩子的时尚穿着在街上行走。虽然会受到“虽然很努力，也许稍微有点过时”、“那衣服与Java的印象不合”之类的否定评价，但感到“意外地很萌”的好意的人也很多。喜欢喝咖啡，只喝印度尼西亚产的。其本人曾说过“喜欢咖啡胜过三顿饭”，不禁让人稍稍担心“这样对健康没问题吗”1.jpg(36.53KB,下载次数:2)下载附件保存到相册2014-3-2314:32上传",651
377056,3951721,1,2014/3/31 14:25,126222,昨天家里人吃晚饭闲聊不怎么就聊到网络女婿说你说习近平会上网不会用微信不网上说的话他都知道不我女儿说估计会上网不过不用上有人上网给他汇报微信够呛会那是年轻人的专利我说就是会人家可不随便加微友估计都是部长副主席军区司令女婿说也许会微信换个名谁也不知道他是谁老公说国家主席这么忙没时间上网微信我都不会估计他也不会。。。哈哈哈哈你说咱家热闹不。。。,377
411758,4567770,1,2014/12/26 21:41,324635,请教如何控制空腹血糖最近餐后血糖控制得还行，大部分在8以下，但是空腹一直在7左右，不知道有没有好办法控制下,55
411887,4569822,1,2014/12/28 11:04,324635,昨夜突然降温，结果起床晚了~~一觉睡到9点钟，想来测出的血糖也不准，干脆就不测了~~不知道睡懒觉对血糖有怎么的影响,58
412018,4571866,1,2014/12/29 15:02,324635,自从确诊后就减少饭量~~早餐一律荞麦面条，中午和晚上主食都是白米饭，一顿一小碗，没称过，大概一两多，大部分情况下饭后一小时快走半小时，直到感觉气喘，微热微汗，然后从每天下午两三点开始就老感觉隐隐有点饿~~晚上也是，不知道是不是吃得偏少了，还是运动量偏大最近这两天实在受不了就在下午4点左右吃十几颗炒蚕豆或喝一袋纯牛奶~~,164
416267,4629059,1,2015/1/31 21:17,325759,这几天在给孩子断奶，感觉血糖好难控制啊，有没有有经验的宝妈来说说，断奶后会有什么变化啊。,44
421168,4648878,1,2015/2/8 10:25,116474,本来想好好调血糖试管要个孩子，可是血糖越调越乱，想放弃,27
424350,4655565,1,2015/2/9 22:22,325900,今天睡吃过晚饭后胃里不舒服2小时后都吐了，血糖2.6没有低血糖感觉，想着该吃点东西，还在饼干时低血糖感觉很大手抖出汗，感快吃了个果冻，还没好就吃了一老婆饼，一片面包，一个米老头，一块糖还想吃，没敢吃，就躺下睡了一小时，感觉好多了，没那么难受了，想着吃了好多一定高血糖了，一测3.6还是低，唉，不知道吃啥好了，胃里不好受，不吃也不行，就吃了一柚子，打了10个单位睡觉，希望明天不要高血糖，好担心宝宝，听说低血糖宝宝在妈妈肚子里缺氧，宝宝一定要坚强,222
425913,4658835,1,2015/2/10 20:38,325176,请问下大家！为什么我血糖3.7没有症状只有血糖2.多会眼花一点多才出汗的感觉啊是血糖仪不准还是我感觉迟钝啊！好费解,58
427229,4660914,1,2015/2/11 11:20,325900,我是一个月查一尿常规，三个月查一糖化，是不是孕后期要勤查呢,29
430526,4665800,1,2015/2/12 8:28,325176,三个多月测糖化血红蛋白6.9是不是太高了一直没怎么控制好！哎可是我静脉血和指血测第一次先测指血后测静脉血结果指血低一个可是第二次先测静脉血在测指血！指血就比静脉血低1.8个了！这是怎么回事太痛苦了怎么回事,104
430837,4666514,1,2015/2/12 11:33,325900,这三天又空腹高了，6-7点几，夜间血糖4-5很好了，可空腹又上去了，N已加到11单位，还接着加吗，关键是一加量夜间要测血糖，就睡不好，有知道该怎么办的吗,76
448818,4692688,1,2015/2/17 16:06,325900,连续五天中午8-9.点多，加量也越来越高，还要加吗，已经15个单位了，要加到几,39
449757,4699585,1,2015/2/22 12:28,325176,有糖妈这样吗这几天一直血糖不高昨天五点3.多吃东西6点5.多一天没怎么打胰岛素血糖也在六点多七那转！又不敢停胰岛素！今早上4.7。10点多饿了吃饭后不到1小时测量5.7。前五个月从没有这样过！因为对低血糖不敏感好怕老低血糖！血糖高害怕血糖低也害怕！好烦啊！为什么会这样！,136
467347,4723966,1,2015/2/26 10:17,325900,这几天老是空腹高，加量不管用，医生让住院调胰岛素，可是住院也不见得就调下来呀，正在犹豫中,44
